«· «—ÌŒ,› Õ,√⁄·Ï,«·√œ‰Ï,„€·ﬁ,≈ﬁ›«· ”«»ﬁ,«· €Ì— %,«· €Ì—,ﬁÌ„… «· œ«Ê·,ÕÃ„ «· œ«Ê·
2026/01/12,0.48,0.48,0.46,0.46,0.48,-4.167,-0.02,192729.344,407421
2026/01/05,0.47,0.48,0.46,0.48,0.47,2.128,0.01,95701.523,201254
2025/12/31,0.47,0.48,0.45,0.47,0.47,0.0,0.0,510319.344,1112526
2025/12/29,0.47,0.48,0.46,0.47,0.47,0.0,0.0,187355.359,397657
2025/12/24,0.48,0.48,0.46,0.47,0.48,-2.083,-0.01,225570.094,475695
2025/12/22,0.48,0.49,0.47,0.48,0.48,0.0,0.0,74538.961,156543
2025/12/17,0.47,0.49,0.47,0.48,0.47,2.128,0.01,60840.488,126530
2025/12/15,0.5,0.51,0.47,0.47,0.5,-6.0,-0.03,1445927.25,3055158
2025/12/10,0.49,0.51,0.49,0.5,0.49,2.041,0.01,191725.297,384341
2025/12/08,0.5,0.5,0.49,0.49,0.5,-2.0,-0.01,211082.094,422810
2025/12/03,0.49,0.5,0.48,0.5,0.49,2.041,0.01,55106.871,112463
2025/12/01,0.5,0.5,0.48,0.49,0.5,-2.0,-0.01,32624.34,66666
2025/11/26,0.5,0.51,0.46,0.5,0.5,0.0,0.0,270316.938,556973
2025/11/24,0.51,0.51,0.49,0.5,0.51,-1.961,-0.01,74683.32,151549
2025/11/19,0.49,0.51,0.48,0.51,0.49,4.082,0.02,151600.297,306959
2025/11/17,0.5,0.52,0.48,0.49,0.5,-2.0,-0.01,75107.602,149576
2025/11/12,0.52,0.53,0.5,0.5,0.52,-3.846,-0.02,93373.0,186393
2025/11/10,0.51,0.54,0.51,0.52,0.51,1.961,0.01,184428.563,350506
2025/11/05,0.54,0.54,0.51,0.51,0.54,-5.556,-0.03,92479.602,178004
2025/11/03,0.56,0.56,0.52,0.54,0.56,-3.571,-0.02,383217.906,704540
2025/10/29,0.52,0.57,0.52,0.56,0.52,7.692,0.04,530790.125,974609
2025/10/27,0.44,0.54,0.46,0.52,0.44,18.182001,0.08,1016616.75,2020742
2025/10/22,0.46,0.46,0.44,0.44,0.46,-4.348,-0.02,651957.25,1430293
2025/10/20,0.48,0.48,0.46,0.46,0.48,-4.167,-0.02,338021.063,725731
2025/10/15,0.47,0.49,0.47,0.48,0.47,2.128,0.01,18156.789,37895
2025/10/13,0.47,0.49,0.45,0.47,0.47,0.0,0.0,46216.602,98657
2025/10/08,0.47,0.47,0.45,0.47,0.47,0.0,0.0,51623.16,112284
2025/10/06,0.48,0.48,0.47,0.47,0.48,-2.083,-0.01,96895.867,203731
2025/10/01,0.47,0.48,0.45,0.48,0.47,2.128,0.01,114988.219,248179
2025/09/29,0.48,0.48,0.46,0.47,0.48,-2.083,-0.01,59384.801,124176
2025/09/24,0.47,0.49,0.46,0.48,0.47,2.128,0.01,103964.641,216285
2025/09/22,0.49,0.49,0.47,0.47,0.49,-4.082,-0.02,390000.563,825522
2025/09/17,0.5,0.5,0.48,0.49,0.5,-2.0,-0.01,206347.656,426259
2025/09/15,0.5,0.5,0.49,0.5,0.5,0.0,0.0,145371.125,293823
2025/09/10,0.5,0.5,0.49,0.5,0.5,0.0,0.0,18183.609,36369
2025/09/08,0.49,0.5,0.49,0.5,0.49,2.041,0.01,117161.109,234439
2025/09/03,0.5,0.51,0.49,0.49,0.5,-2.0,-0.01,131766.5,265171
2025/09/01,0.5,0.52,0.5,0.5,0.5,0.0,0.0,156007.063,310753
2025/08/27,0.52,0.51,0.5,0.5,0.52,-3.846,-0.02,210403.547,417092
2025/08/25,0.5,0.52,0.5,0.52,0.5,4.0,0.02,189680.875,367045
2025/08/20,0.52,0.52,0.5,0.5,0.52,-3.846,-0.02,153568.594,299594
2025/08/18,0.52,0.53,0.51,0.52,0.52,0.0,0.0,40185.391,77532
2025/08/13,0.52,0.52,0.51,0.52,0.52,0.0,0.0,93478.797,179905
2025/08/11,0.53,0.53,0.51,0.52,0.53,-1.887,-0.01,172136.063,331862
2025/08/06,0.54,0.54,0.52,0.53,0.54,-1.852,-0.01,360843.875,677819
2025/08/04,0.55,0.55,0.53,0.54,0.55,-1.818,-0.01,129284.563,241761
2025/07/30,0.52,0.56,0.51,0.55,0.52,0.0,0.03,450240.969,830538
2025/07/28,0.53,0.54,0.51,0.52,0.53,-1.887,-0.01,206961.734,398677
2025/07/23,0.53,0.53,0.51,0.53,0.53,0.0,0.0,428810.281,818895
2025/07/21,0.5,0.53,0.5,0.53,0.5,6.0,0.03,379083.313,727836
2025/07/16,0.5,0.52,0.5,0.5,0.5,0.0,0.0,77945.602,155036
2025/07/14,0.51,0.51,0.49,0.5,0.51,-1.961,-0.01,96557.031,193124
2025/07/07,0.5,0.52,0.48,0.49,0.5,-2.0,-0.01,141850.375,283657
2025/07/02,0.52,0.52,0.5,0.5,0.52,-3.846,-0.02,233738.016,464355
2025/06/30,0.52,0.52,0.5,0.52,0.52,0.0,0.0,126420.133,246100
2025/06/25,0.5,0.53,0.5,0.52,0.5,4.0,0.02,278829.563,535956
2025/06/23,0.49,0.5,0.5,0.5,0.49,2.041,0.01,36875.0,73750
2025/06/18,0.52,0.53,0.49,0.49,0.52,-5.769,-0.03,213529.734,421849
2025/06/16,0.54,0.55,0.52,0.52,0.54,-3.704,-0.02,40679.461,77505
2025/06/11,0.52,0.55,0.52,0.54,0.52,3.846,0.02,176377.797,327109
2025/06/04,0.51,0.52,0.51,0.52,0.51,1.961,0.01,21872.6,42255
2025/06/02,0.51,0.53,0.51,0.51,0.51,0.0,0.0,29746.16,57866
2025/05/28,0.52,0.53,0.5,0.51,0.52,-1.923,-0.01,140755.563,274274
2025/05/26,0.55,0.55,0.51,0.52,0.55,-5.455,-0.03,68294.789,127059
2025/05/21,0.51,0.55,0.51,0.55,0.51,7.843,0.04,198360.297,365533
2025/05/19,0.53,0.53,0.5,0.51,0.53,-3.774,-0.02,164128.953,323234
2025/05/14,0.5,0.55,0.5,0.53,0.5,6.0,0.03,151117.828,284397
2025/05/07,0.51,0.6,0.5,0.58,0.51,13.725,0.07,426084.375,734445
2025/05/05,0.49,0.55,0.47,0.51,0.49,4.082,0.02,522670.625,1020552
2025/04/30,0.49,0.49,0.48,0.49,0.49,0.0,0.0,51745.5,106200
2025/04/28,0.49,0.49,0.47,0.49,0.49,0.0,0.0,83315.344,173429
2025/04/23,0.49,0.49,0.47,0.49,0.49,0.0,0.0,130825.563,273153
2025/04/16,0.48,0.49,0.47,0.49,0.48,2.083,0.01,68875.148,142604
2025/04/14,0.49,0.49,0.47,0.48,0.49,-2.041,-0.01,134436.172,282818
2025/04/09,0.49,0.49,0.48,0.49,0.49,0.0,0.0,72204.344,148315
2025/04/07,0.49,0.5,0.47,0.49,0.49,0.0,0.0,110352.922,228184
2025/03/26,0.47,0.49,0.47,0.49,0.47,4.255,0.02,129062.508,266077
2025/03/24,0.47,0.49,0.47,0.47,0.47,0.0,0.0,99018.273,205980
2025/03/19,0.48,0.49,0.47,0.47,0.48,-2.083,-0.01,74688.891,155315
2025/03/17,0.49,0.49,0.47,0.48,0.49,-2.041,-0.01,160593.938,335216
2025/03/12,0.47,0.49,0.47,0.49,0.47,4.255,0.02,34005.051,71089
2025/03/10,0.48,0.49,0.47,0.47,0.48,-2.083,-0.01,170130.797,354287
2025/03/05,0.51,0.5,0.47,0.48,0.51,-5.882,-0.03,96355.203,200160
2025/03/03,0.5,0.52,0.47,0.51,0.5,2.0,0.01,34026.441,67194
2025/02/26,0.5,0.51,0.49,0.5,0.5,0.0,0.0,105317.883,210914
2025/02/24,0.51,0.51,0.49,0.5,0.51,-1.961,-0.01,195703.203,391433
2025/02/19,0.51,0.52,0.5,0.51,0.51,0.0,0.0,22552.711,43965
2025/02/17,0.5,0.52,0.49,0.51,0.5,2.0,0.01,78155.047,153006
2025/02/12,0.5,0.52,0.5,0.5,0.5,0.0,0.0,144967.906,285995
2025/02/10,0.51,0.52,0.5,0.5,0.51,-1.961,-0.01,269521.844,522049
2025/02/05,0.5,0.51,0.5,0.51,0.5,2.0,0.01,210543.516,419729
2025/02/03,0.53,0.55,0.5,0.5,0.53,-5.66,-0.03,359597.344,693531
2025/01/29,0.53,0.56,0.53,0.53,0.53,0.0,0.0,254065.813,468848
2025/01/27,0.51,0.54,0.5,0.53,0.51,3.922,0.02,129998.07,247295
2025/01/22,0.57,0.6,0.51,0.51,0.57,-10.526,-0.06,1262131.125,2410244
2025/01/20,0.54,0.58,0.54,0.57,0.54,5.556,0.03,323470.5,578268
2025/01/15,0.56,0.56,0.53,0.54,0.56,-3.571,-0.02,79736.609,145117
2025/01/13,0.56,0.57,0.53,0.56,0.56,0.0,0.0,253202.125,458199
2025/01/08,0.53,0.57,0.5,0.56,0.53,5.66,0.03,149514.469,267808
2025/01/06,0.47,0.53,0.47,0.53,0.47,12.766001,0.06,164919.016,315206
2024/12/30,0.53,0.53,0.47,0.47,0.53,-11.321,-0.06,395941.25,782037
2024/12/25,0.52,0.54,0.51,0.53,0.52,1.923,0.01,240761.25,460734
2024/12/23,0.54,0.54,0.52,0.52,0.54,-3.704,-0.02,248783.344,470911
2024/12/18,0.54,0.56,0.52,0.54,0.54,0.0,0.0,197592.875,368191
2024/12/16,0.55,0.55,0.53,0.54,0.55,-1.818,-0.01,273674.781,507701
2024/12/11,0.54,0.55,0.53,0.55,0.54,1.852,0.01,146402.188,271700
2024/12/09,0.56,0.56,0.53,0.54,0.56,-3.571,-0.02,164735.828,303574
2024/12/04,0.56,0.57,0.53,0.56,0.56,0.0,0.0,153806.531,278922
2024/12/02,0.56,0.57,0.54,0.56,0.56,0.0,0.0,544494.438,980887
2024/11/27,0.55,0.56,0.55,0.56,0.55,1.818,0.01,241264.188,436430
2024/11/25,0.57,0.58,0.52,0.55,0.57,-3.509,-0.02,362057.438,664531
2024/11/20,0.54,0.58,0.54,0.57,0.54,5.556,0.03,364914.281,649141
2024/11/18,0.58,0.6,0.47,0.54,0.58,-6.897,-0.04,1319041.375,2524299
2024/11/13,0.63,0.64,0.58,0.58,0.63,-7.937,-0.05,472996.5,779188
2024/11/11,0.61,0.64,0.59,0.63,0.61,3.279,0.02,478371.094,765887
2024/11/06,0.66,0.66,0.59,0.61,0.66,-7.576,-0.05,763489.438,1262867
2024/11/04,0.67,0.67,0.64,0.66,0.67,-1.493,-0.01,413812.125,635084
2024/10/30,0.7,0.7,0.61,0.67,0.7,-4.286,-0.03,565791.875,856712
2024/10/28,1.0,0.96,0.6,0.7,1.0,-30.0,-0.3,1181652.25,1628804
2024/10/23,0.641,0.663,0.631,0.641,0.641,0.936,0.006,145853.156,226396
2024/10/22,0.655,0.662,0.623,0.641,0.655,-2.29,-0.015,629060.438,986865
2024/10/21,0.655,0.687,0.645,0.655,0.655,0.0,0.0,203178.156,306559
2024/10/20,0.655,0.679,0.648,0.655,0.655,0.0,0.0,182289.906,275567
2024/10/17,0.655,0.675,0.647,0.655,0.655,2.748,0.018,299789.25,448180
2024/10/16,0.655,0.674,0.648,0.655,0.655,-0.305,-0.002,235622.969,357105
2024/10/15,0.677,0.676,0.644,0.655,0.677,-3.25,-0.022,976567.688,1504077
2024/10/14,0.712,0.72,0.677,0.677,0.712,-4.916,-0.035,597212.063,878812
2024/10/13,0.71,0.733,0.675,0.712,0.71,2.113,0.015,434702.406,619705
2024/10/10,0.746,0.741,0.709,0.71,0.746,-3.753,-0.028,827163.188,1161654
2024/10/09,0.761,0.76,0.74,0.746,0.761,-2.365,-0.018,367638.875,492896
2024/10/08,0.761,0.768,0.745,0.761,0.761,-0.788,-0.006,202936.109,270530
2024/10/07,0.761,0.787,0.761,0.761,0.761,0.657,0.005,249140.375,321520
2024/10/03,0.761,0.784,0.74,0.761,0.761,1.971,0.015,296306.188,386367
2024/10/02,0.777,0.789,0.74,0.761,0.777,-2.703,-0.021,533906.75,694194
2024/10/01,0.778,0.786,0.77,0.777,0.778,-0.129,-0.001,329036.438,423495
2024/09/30,0.783,0.808,0.775,0.778,0.783,-0.639,-0.005,318354.25,409379
2024/09/29,0.792,0.809,0.777,0.783,0.792,-1.894,-0.015,429288.625,545606
2024/09/26,0.804,0.815,0.77,0.792,0.804,-0.622,-0.005,484882.219,610036
2024/09/25,0.804,0.819,0.79,0.804,0.804,0.0,0.0,149482.75,185818
2024/09/24,0.804,0.82,0.77,0.804,0.804,-0.373,-0.003,291729.281,363000
2024/09/23,0.815,0.825,0.8,0.804,0.815,-1.104,-0.009,608573.188,754972
2024/09/22,0.808,0.826,0.802,0.815,0.808,0.866,0.007,509378.594,625194
2024/09/19,0.828,0.833,0.8,0.808,0.828,-3.382,-0.028,652886.0,805188
2024/09/18,0.828,0.825,0.8,0.828,0.828,-2.174,-0.018,233962.25,287960
2024/09/17,0.839,0.848,0.802,0.828,0.839,-3.933,-0.033,396185.031,479012
2024/09/16,0.808,0.848,0.797,0.839,0.808,3.96,0.032,520456.875,621930
2024/09/12,0.832,0.83,0.797,0.808,0.832,-3.846,-0.032,428811.531,530479
2024/09/11,0.865,0.888,0.822,0.832,0.865,-3.815,-0.033,955517.875,1152294
2024/09/10,0.906,0.91,0.861,0.865,0.906,-2.87,-0.026,591082.875,679121
2024/09/09,0.906,0.92,0.868,0.906,0.906,-0.662,-0.006,220710.5,247464
2024/09/08,0.942,0.945,0.896,0.906,0.942,-4.671,-0.044,615763.938,678430
2024/09/05,0.916,0.961,0.916,0.942,0.916,2.838,0.026,406212.5,429184
2024/09/04,0.873,0.916,0.83,0.916,0.873,4.926,0.043,2183436.0,2533562
2024/09/03,0.918,0.915,0.873,0.873,0.918,-4.902,-0.045,1660621.625,1899736
2024/09/02,0.966,0.97,0.918,0.918,0.966,-4.969,-0.048,1340363.125,1452992
2024/09/01,1.0,1.004,0.955,0.966,1.0,-2.4,-0.024,2179101.5,2221877
2024/08/29,1.035,1.046,0.984,1.0,1.035,-0.483,-0.005,1899591.75,1877154
2024/08/28,1.059,1.071,1.007,1.035,1.059,-3.116,-0.033,1930204.0,1893087
2024/08/27,1.02,1.071,0.991,1.059,1.02,4.902,0.05,4967730.0,4696123
2024/08/26,0.972,1.02,0.975,1.02,0.972,4.938,0.048,3752875.5,3704850
2024/08/25,0.926,0.972,0.927,0.972,0.926,4.968,0.046,2636220.75,2714864
2024/08/22,0.882,0.926,0.882,0.926,0.882,4.989,0.044,1516706.25,1644206
2024/08/21,0.84,0.882,0.882,0.882,0.84,5.0,0.042,1972499.5,2236394
2024/08/20,0.8,0.84,0.76,0.84,0.8,5.0,0.04,3046221.25,3871434
2024/08/19,0.812,0.829,0.791,0.8,0.812,-1.355,-0.011,432977.219,541036
2024/08/18,0.825,0.846,0.797,0.812,0.825,-1.576,-0.013,979094.063,1187112
2024/08/15,0.806,0.84,0.766,0.825,0.806,2.357,0.019,1567363.125,1955258
2024/08/14,0.846,0.887,0.804,0.806,0.846,-4.965,-0.042,1834658.625,2199480
2024/08/13,0.806,0.846,0.806,0.846,0.806,4.963,0.04,3721939.5,4402611
2024/08/12,0.768,0.806,0.806,0.806,0.768,4.948,0.038,302888.344,375792
2024/08/11,0.768,0.806,0.806,0.768,0.768,4.948,0.038,114497.133,142056
2024/08/08,0.732,0.768,0.768,0.768,0.732,4.918,0.036,424677.875,552966
2024/08/07,0.698,0.732,0.732,0.732,0.698,4.871,0.034,526992.438,719935
2024/08/06,0.665,0.698,0.698,0.698,0.665,4.962,0.033,335215.906,480252
2024/08/05,0.634,0.665,0.636,0.665,0.634,4.89,0.031,2024404.5,3044297
2024/08/04,0.604,0.634,0.634,0.634,0.604,4.967,0.03,306364.656,483225
2024/08/01,0.604,0.634,0.634,0.604,0.604,4.967,0.03,274635.5,433179
2024/07/31,0.576,0.604,0.603,0.604,0.576,4.861,0.028,300656.688,497777
2024/07/30,0.576,0.604,0.604,0.576,0.576,4.861,0.028,73376.938,121485
2024/07/29,0.576,0.604,0.604,0.576,0.576,4.861,0.028,253384.047,419510
2024/07/28,0.549,0.576,0.576,0.576,0.549,4.918,0.027,304584.188,528792
2024/07/24,0.549,0.576,0.576,0.549,0.549,4.918,0.027,155311.484,269638
2024/07/23,0.549,0.576,0.576,0.549,0.549,4.918,0.027,102579.844,178090
2024/07/22,0.549,0.576,0.549,0.549,0.549,0.0,0.0,114359.258,198681
2024/07/21,0.549,0.576,0.576,0.549,0.549,4.918,0.027,125097.984,217184
2024/07/18,0.549,0.576,0.576,0.549,0.549,4.918,0.027,108561.023,188474
2024/07/17,0.532,0.558,0.512,0.549,0.532,4.887,0.026,507915.781,943984
2024/07/16,0.532,0.516,0.506,0.532,0.532,-3.195,-0.017,285812.906,559794
2024/07/15,0.532,0.516,0.508,0.532,0.532,-4.135,-0.022,50948.055,99431
2024/07/14,0.532,0.517,0.506,0.532,0.532,-2.82,-0.015,184199.594,359932
2024/07/10,0.532,0.517,0.507,0.532,0.532,-3.571,-0.019,145809.25,286553
2024/07/09,0.532,0.518,0.507,0.532,0.532,-2.82,-0.015,93551.664,183583
2024/07/08,0.532,0.519,0.508,0.532,0.532,-4.135,-0.022,111511.43,218460
2024/07/07,0.532,0.522,0.509,0.532,0.532,-4.323,-0.023,218951.344,427143
2024/07/04,0.532,0.523,0.507,0.532,0.532,-2.632,-0.014,185575.656,363557
2024/07/03,0.532,0.516,0.507,0.532,0.532,-3.383,-0.018,142325.109,278382
2024/07/02,0.532,0.524,0.507,0.532,0.532,-2.632,-0.014,102117.813,200487
2024/07/01,0.532,0.519,0.507,0.532,0.532,-2.444,-0.013,50415.797,99259
2024/06/27,0.532,0.53,0.506,0.532,0.532,-2.256,-0.012,134871.266,264308
2024/06/26,0.532,0.51,0.506,0.532,0.532,-4.887,-0.026,59683.648,117534
2024/06/25,0.532,0.51,0.506,0.532,0.532,-4.887,-0.026,88489.203,174512
2024/06/24,0.532,0.511,0.507,0.532,0.532,-4.511,-0.024,44788.34,87977
2024/06/23,0.532,0.514,0.506,0.532,0.532,-4.135,-0.022,81111.273,159349
2024/06/13,0.532,0.516,0.506,0.532,0.532,-4.887,-0.026,48295.012,95293
2024/06/12,0.532,0.508,0.506,0.532,0.532,-4.511,-0.024,35257.145,69647
2024/06/11,0.532,0.51,0.506,0.532,0.532,-4.887,-0.026,60209.43,118806
2024/06/10,0.532,0.515,0.506,0.532,0.532,-4.135,-0.022,69735.383,137481
2024/06/09,0.532,0.532,0.506,0.532,0.532,0.0,0.0,111903.727,220928
2024/06/06,0.532,0.519,0.506,0.532,0.532,-4.887,-0.026,17807.033,35089
2024/06/05,0.532,0.508,0.506,0.532,0.532,-4.887,-0.026,118610.453,234319
2024/06/04,0.532,0.52,0.506,0.532,0.532,-4.511,-0.024,104825.195,204706
2024/06/03,0.532,0.529,0.506,0.532,0.532,-4.699,-0.025,151975.203,298274
2024/06/02,0.532,0.549,0.51,0.532,0.532,-2.444,-0.013,81873.492,159000
2024/05/30,0.532,0.54,0.515,0.532,0.532,-2.444,-0.013,49934.023,93458
2024/05/29,0.532,0.55,0.51,0.532,0.532,-3.195,-0.017,177491.688,338972
2024/05/28,0.557,0.556,0.53,0.532,0.557,-4.847,-0.027,337446.969,633999
2024/05/27,0.557,0.567,0.544,0.557,0.557,0.0,0.0,121572.797,220778
2024/05/26,0.557,0.57,0.551,0.557,0.557,1.795,0.01,59702.07,107089
2024/05/23,0.557,0.58,0.556,0.557,0.557,0.539,0.003,134187.344,239768
2024/05/22,0.557,0.58,0.562,0.557,0.557,0.898,0.005,88040.859,156451
2024/05/21,0.579,0.596,0.551,0.557,0.579,-0.691,-0.004,312165.656,560252
2024/05/20,0.579,0.6,0.56,0.579,0.579,0.173,0.001,79140.25625,135866
2024/05/19,0.606,0.598,0.576,0.579,0.606,-1.32,-0.008,353814.375,611692
2024/05/16,0.606,0.576,0.576,0.606,0.606,-4.95,-0.03,46797.69375,81246
2024/05/14,0.606,0.599,0.576,0.606,0.606,-4.95,-0.03,25252.69375,43639
2024/05/13,0.606,0.606,0.576,0.606,0.606,0.0,0.0,22754.870313,39472
2024/05/12,0.606,0.59,0.576,0.606,0.606,-4.95,-0.03,116085.3625,200232
2024/05/09,0.606,0.576,0.576,0.606,0.606,-4.95,-0.03,54743.0375,95040
2024/05/08,0.606,0.599,0.576,0.606,0.606,-4.95,-0.03,81721.81875,140141
2024/05/07,0.606,0.584,0.576,0.606,0.606,-3.795,-0.023,180425.6375,312082
2024/05/02,0.606,0.589,0.576,0.606,0.606,-4.95,-0.03,114409.3875,198202
2024/05/01,0.606,0.581,0.576,0.606,0.606,-4.29,-0.026,128759.4375,223469
2024/04/30,0.606,0.598,0.576,0.606,0.606,-4.62,-0.028,151539.55,262328
2024/04/29,0.606,0.599,0.576,0.606,0.606,-4.125,-0.025,112423.15,193556
2024/04/28,0.606,0.62,0.576,0.606,0.606,-4.95,-0.03,203434.3125,349053
2024/04/24,0.635,0.622,0.604,0.606,0.635,-4.882,-0.031,329623.9,543196
2024/04/23,0.635,0.649,0.622,0.635,0.635,1.26,0.008,290083.15,458924
2024/04/22,0.635,0.656,0.631,0.635,0.635,1.417,0.009,42276.8375,66736
2024/04/21,0.635,0.65,0.625,0.635,0.635,0.787,0.005,177058.3875,277124
2024/04/18,0.651,0.659,0.621,0.635,0.651,-0.614,-0.004,389358.9,608874
2024/04/17,0.664,0.659,0.641,0.651,0.664,-3.012,-0.02,314354.225,482781
2024/04/16,0.664,0.66,0.64,0.664,0.664,-1.205,-0.008,178837.95,276616
2024/04/15,0.664,0.66,0.638,0.664,0.664,-1.506,-0.01,219772.825,340025
2024/04/08,0.664,0.659,0.631,0.664,0.664,-3.614,-0.024,150025.8125,234133
2024/04/07,0.664,0.668,0.64,0.664,0.664,-0.753,-0.005,17861.440625,27077
2024/04/04,0.664,0.66,0.631,0.664,0.664,-0.753,-0.005,208726.3625,328154
2024/04/03,0.664,0.663,0.633,0.664,0.664,-4.367,-0.029,153420.3125,239688
2024/04/02,0.664,0.668,0.631,0.664,0.664,-4.669,-0.031,32835.83125,51367
2024/04/01,0.65,0.668,0.625,0.664,0.65,0.0,0.0,384335.075,583714
2024/03/31,0.65,0.649,0.619,0.65,0.65,-2.308,-0.015,87514.51875,139781
2024/03/28,0.65,0.65,0.629,0.65,0.65,0.0,0.0,40339.425,63649
2024/03/27,0.65,0.681,0.621,0.65,0.65,-1.538,-0.01,152964.95,241697
2024/03/26,0.65,0.661,0.633,0.65,0.65,-1.538,-0.01,165241.5625,254832
2024/03/25,0.65,0.66,0.623,0.65,0.65,0.769,0.005,110553.4875,171461
2024/03/24,0.683,0.665,0.649,0.65,0.683,-4.539,-0.031,334072.9,513168
2024/03/21,0.683,0.662,0.649,0.683,0.683,-3.075,-0.021,131570.6375,201703
2024/03/20,0.683,0.655,0.649,0.683,0.683,-4.1,-0.028,284744.075,437909
2024/03/19,0.683,0.663,0.649,0.683,0.683,-4.978,-0.034,192549.2,296576
2024/03/18,0.683,0.681,0.649,0.683,0.683,-4.978,-0.034,267701.075,410558
2024/03/17,0.683,0.68,0.656,0.683,0.683,-0.586,-0.004,221751.65,333568
2024/03/14,0.683,0.678,0.649,0.683,0.683,-0.878,-0.006,192175.3,288485
2024/03/13,0.683,0.68,0.649,0.683,0.683,-4.685,-0.032,265216.875,405086
2024/03/12,0.701,0.72,0.666,0.683,0.701,-4.993,-0.035,408052.1,592757
2024/03/11,0.701,0.714,0.67,0.701,0.701,1.854,0.013,98117.36875,138590
2024/03/10,0.734,0.721,0.698,0.701,0.734,-4.496,-0.033,781596.8,1113015
2024/03/07,0.734,0.721,0.703,0.734,0.734,-1.907,-0.014,197655.65,276080
2024/03/06,0.726,0.752,0.69,0.734,0.726,-1.791,-0.013,648145.75,884970
2024/03/05,0.726,0.74,0.724,0.726,0.726,1.928,0.014,152164.6,208325
2024/03/04,0.726,0.734,0.721,0.726,0.726,0.138,0.001,97186.4125,133687
2024/03/03,0.726,0.737,0.717,0.726,0.726,1.24,0.009,151932.1375,209381
2024/02/29,0.737,0.74,0.707,0.726,0.737,-0.407,-0.003,345332.1,475312
2024/02/28,0.743,0.749,0.731,0.737,0.743,-1.615,-0.012,421957.1,572850
2024/02/27,0.743,0.755,0.732,0.743,0.743,0.808,0.006,334996.375,451162
2024/02/26,0.743,0.764,0.733,0.743,0.743,-0.673,-0.005,483466.65,650770
2024/02/25,0.755,0.757,0.734,0.743,0.755,-2.119,-0.016,574159.8,770002
2024/02/22,0.75,0.77,0.749,0.755,0.75,0.933,0.007,528502.05,701880
2024/02/21,0.761,0.78,0.75,0.75,0.761,-1.445,-0.011,1382858.6,1824756
2024/02/20,0.749,0.767,0.744,0.761,0.749,2.403,0.018,751275.75,994175
2024/02/19,0.753,0.76,0.742,0.749,0.753,-1.328,-0.01,538043.5,715465
2024/02/18,0.754,0.76,0.743,0.753,0.754,0.796,0.006,339124.1,450361
2024/02/15,0.752,0.764,0.747,0.754,0.752,-0.133,-0.001,318979.375,422585
2024/02/14,0.747,0.764,0.746,0.752,0.747,0.937,0.007,387741.75,515192
2024/02/13,0.757,0.768,0.743,0.747,0.757,0.132,0.001,418399.875,558694
2024/02/12,0.76,0.77,0.73,0.757,0.76,-1.842,-0.014,346002.325,458157
2024/02/11,0.781,0.795,0.742,0.76,0.781,-0.512,-0.004,1086065.1,1441802
2024/02/08,0.77,0.8,0.741,0.781,0.77,-1.039,-0.008,503532.0,648239
2024/02/07,0.794,0.8,0.755,0.77,0.794,-4.912,-0.039,620965.3,806276
2024/02/06,0.793,0.83,0.781,0.794,0.793,-1.387,-0.011,1208391.9,1499202
2024/02/05,0.756,0.793,0.773,0.793,0.756,4.894,0.037,898283.8,1134049
2024/02/04,0.742,0.771,0.711,0.756,0.742,3.774,0.028,525803.5,697957
2024/02/01,0.745,0.782,0.711,0.742,0.745,-0.403,-0.003,790912.2,1057021
2024/01/31,0.782,0.8,0.743,0.745,0.782,-2.046,-0.016,1005956.7,1308916
2024/01/30,0.792,0.807,0.77,0.782,0.792,-0.758,-0.006,657673.9,838199
2024/01/29,0.784,0.815,0.745,0.792,0.784,1.658,0.013,712837.25,903229
2024/01/28,0.804,0.839,0.777,0.784,0.804,-2.488,-0.02,961488.9,1216865
2024/01/24,0.81,0.81,0.797,0.804,0.81,-1.605,-0.013,448066.7,557229
2024/01/23,0.825,0.825,0.802,0.81,0.825,-1.818,-0.015,466430.5,576110
2024/01/22,0.844,0.844,0.81,0.825,0.844,-2.251,-0.019,1012935.8,1230922
2024/01/21,0.863,0.86,0.82,0.844,0.863,-3.245,-0.028,1406834.4,1686498
2024/01/18,0.889,0.911,0.845,0.863,0.889,-2.925,-0.026,2628339.6,3031451
2024/01/17,0.847,0.889,0.85,0.889,0.847,4.959,0.042,3052152.8,3451004
2024/01/16,0.807,0.847,0.84,0.847,0.807,4.957,0.04,1215302.5,1434997
2024/01/15,0.769,0.807,0.807,0.807,0.769,4.941,0.038,805971.875,998726
2024/01/14,0.733,0.769,0.75,0.769,0.733,4.911,0.036,2062842.6,2688301
2024/01/11,0.7,0.735,0.704,0.733,0.7,4.286,0.03,2677235.0,3673554
2024/01/10,0.709,0.711,0.697,0.7,0.709,-1.269,-0.009,847009.6,1204383
2024/01/09,0.701,0.714,0.702,0.709,0.701,1.141,0.008,489245.35,690100
2024/01/08,0.7,0.707,0.69,0.701,0.7,0.286,0.002,749323.1,1070983
2024/01/04,0.704,0.715,0.697,0.7,0.704,-0.568,-0.004,708064.8,1006247
2024/01/03,0.685,0.716,0.68,0.704,0.685,2.774,0.019,1333379.2,1893751
2023/12/31,0.684,0.695,0.67,0.679,0.684,-0.585,-0.004,641878.5,939389
2023/12/28,0.695,0.7,0.68,0.684,0.695,-0.432,-0.003,386082.0,563844
2023/12/26,0.673,0.69,0.651,0.67,0.673,-0.446,-0.003,645193.25,959630
2023/12/25,0.708,0.71,0.673,0.673,0.708,-4.944,-0.035,1220088.6,1790489
2023/12/24,0.676,0.709,0.648,0.708,0.676,4.734,0.032,1341971.6,1986821
2023/12/21,0.711,0.707,0.676,0.676,0.711,-4.923,-0.035,1745546.2,2566039
2023/12/20,0.747,0.75,0.71,0.711,0.747,-4.819,-0.036,2237695.6,3137464
2023/12/19,0.785,0.784,0.746,0.747,0.785,-4.841,-0.038,2592691.0,3443313
2023/12/18,0.824,0.84,0.783,0.785,0.824,-4.976,-0.041,4913518.4,6168522
2023/12/17,0.785,0.824,0.746,0.824,0.785,4.968,0.039,3846542.8,4881415
2023/12/14,0.826,0.785,0.785,0.785,0.826,-4.964,-0.041,490806.35,625231
2023/12/13,0.869,0.826,0.826,0.826,0.869,-4.948,-0.043,562602.6,681117
2023/12/12,0.869,0.826,0.826,0.869,0.869,-4.948,-0.043,281062.2,340269
2023/12/11,0.914,0.869,0.869,0.869,0.914,-4.923,-0.045,1058359.5,1217905
2023/12/10,1.028,0.99,0.83,0.914,1.028,-11.089,-0.114,1.15964192E7,12308949
2023/12/07,1.08,1.09,0.9,1.028,1.08,-4.815,-0.052,3462049.6,3423798
2023/12/06,1.082,1.1,1.07,1.08,1.082,-0.185,-0.002,3269014.8,3027518
2023/12/04,1.088,1.11,1.081,1.09,1.088,-0.184,-0.002,1800052.6,1647785
2023/12/03,1.1,1.13,1.08,1.088,1.1,-1.818,-0.02,2692734.2,2438729
2023/11/30,1.086,1.14,1.09,1.1,1.086,1.289,0.014,6527432.4,5873907
2023/11/29,1.039,1.09,1.03,1.086,1.039,4.524,0.047,4483382.0,4191468
2023/11/28,1.047,1.06,1.03,1.039,1.047,-0.764,-0.008,2128194.0,2027982
2023/11/27,1.055,1.067,1.01,1.047,1.055,-0.948,-0.01,2519621.6,2392901
2023/11/26,1.054,1.075,1.05,1.055,1.054,0.095,0.001,2757604.0,2597857
2023/11/23,1.052,1.07,1.045,1.054,1.052,0.19,0.002,3842414.4,3635483
2023/11/22,1.042,1.063,1.041,1.052,1.042,0.96,0.01,1979404.2,1878614
2023/11/21,1.053,1.059,1.04,1.042,1.053,-0.855,-0.009,832594.0,796499
2023/11/20,1.061,1.08,1.035,1.053,1.061,-0.754,-0.008,2655951.6,2512460
2023/11/19,1.05,1.083,1.051,1.061,1.05,1.048,0.011,2053153.0,1928789
2023/11/16,1.049,1.07,1.044,1.05,1.049,0.095,0.001,3181390.4,3012254
2023/11/15,1.071,1.079,1.04,1.049,1.071,-2.054,-0.022,2286181.2,2162283
2023/11/14,1.052,1.1,1.03,1.071,1.052,1.711,0.018,3529213.6,3271636
2023/11/12,1.084,1.109,1.011,1.046,1.084,-3.506,-0.038,3228058.2,3013402
2023/11/09,1.125,1.13,1.066,1.084,1.125,-3.644,-0.041,4185527.2,3838994
2023/11/08,0.997,1.196,1.05,1.125,0.997,12.839,0.128,1.81440448E7,15938859
2023/11/07,1.046,1.045,0.993,0.997,1.046,-4.685,-0.049,8245647.2,8164041
2023/11/06,0.902,1.05,0.916,1.046,0.902,15.964999,0.144,1.35140192E7,13885576
2023/11/05,0.865,0.91,0.877,0.902,0.865,3.353,0.029,1186922.8,1320391
2023/11/02,0.872,0.898,0.855,0.865,0.872,-0.803,-0.007,1199239.4,1377466
2023/11/01,0.871,0.92,0.86,0.872,0.871,0.115,0.001,2025530.6,2273377
2023/10/31,0.892,0.903,0.862,0.871,0.892,-3.363,-0.03,487781.35,558050
2023/10/30,0.897,0.915,0.882,0.892,0.897,-1.672,-0.015,1040527.7,1156419
2023/10/26,0.87,0.89,0.855,0.868,0.87,-1.724,-0.015,936937.4,1073999
2023/10/25,0.871,0.905,0.858,0.87,0.871,-0.115,-0.001,2393586.8,2696822
2023/10/24,0.814,0.875,0.81,0.871,0.814,7.002,0.057,2695773.2,3189749
2023/10/23,0.815,0.82,0.81,0.814,0.815,-0.491,-0.004,438802.9,539178
2023/10/22,0.799,0.826,0.793,0.815,0.799,2.002,0.016,489631.05,603976
2023/10/19,0.799,0.8,0.79,0.799,0.799,-0.751,-0.006,253998.125,319749
2023/10/18,0.807,0.81,0.79,0.799,0.807,-2.107,-0.017,696815.3,871776
2023/10/17,0.8,0.81,0.789,0.807,0.8,0.375,0.003,553045.45,687724
2023/10/16,0.806,0.81,0.793,0.8,0.806,-1.365,-0.011,398956.125,498326
2023/10/15,0.806,0.81,0.789,0.806,0.806,-1.365,-0.011,222854.15,278127
2023/10/12,0.782,0.81,0.792,0.806,0.782,1.79,0.014,466654.8,578621
2023/10/11,0.782,0.812,0.79,0.782,0.782,2.941,0.023,235830.05,295893
2023/10/10,0.782,0.817,0.785,0.782,0.782,2.302,0.018,242752.275,306126
2023/10/09,0.782,0.8,0.78,0.782,0.782,2.302,0.018,233103.65,294230
2023/10/08,0.811,0.83,0.76,0.782,0.811,-3.946,-0.032,673620.3,849171
2023/10/04,0.808,0.825,0.804,0.811,0.808,0.371,0.003,510145.4,629434
2023/10/03,0.808,0.838,0.805,0.808,0.808,0.248,0.002,140673.75,173381
2023/10/02,0.825,0.85,0.801,0.808,0.825,-2.424,-0.02,792595.25,965344
2023/10/01,0.825,0.84,0.82,0.825,0.825,0.0,0.0,356080.875,431670
2023/09/27,0.831,0.847,0.821,0.825,0.831,0.481,0.004,380597.375,460862
2023/09/26,0.839,0.85,0.821,0.831,0.839,1.192,0.01,643585.6,770167
2023/09/25,0.854,0.86,0.831,0.839,0.854,-1.756,-0.015,790764.1,935211
2023/09/24,0.878,0.9,0.84,0.854,0.878,-2.847,-0.025,1871561.2,2181011
2023/09/21,0.887,0.909,0.868,0.878,0.887,-0.789,-0.007,464303.3,526097
2023/09/20,0.913,0.927,0.88,0.887,0.913,-2.848,-0.026,1155936.1,1289172
2023/09/19,0.896,0.93,0.905,0.913,0.896,1.897,0.017,1832023.2,1991039
2023/09/18,0.881,0.93,0.88,0.896,0.881,1.249,0.011,2646269.2,2927009
2023/09/17,0.869,0.897,0.87,0.881,0.869,1.381,0.012,1132543.6,1281216
2023/09/14,0.878,0.892,0.868,0.869,0.878,-1.025,-0.009,1273749.2,1463622
2023/09/13,0.878,0.89,0.87,0.878,0.878,0.228,0.002,230685.7,263479
2023/09/12,0.893,0.897,0.871,0.878,0.893,-2.24,-0.02,404862.85,460877
2023/09/11,0.893,0.901,0.881,0.893,0.893,-0.56,-0.005,100148.6625,112854
2023/09/10,0.893,0.912,0.89,0.893,0.893,-0.336,-0.003,285974.125,317478
2023/09/07,0.899,0.909,0.89,0.893,0.899,-0.222,-0.002,372480.5,416657
2023/09/06,0.908,0.927,0.89,0.899,0.908,-1.982,-0.018,613536.0,679556
2023/09/05,0.918,0.931,0.902,0.908,0.918,-1.416,-0.013,729838.8,796450
2023/09/04,0.911,0.92,0.903,0.918,0.911,0.988,0.009,661793.8,723563
2023/09/03,0.907,0.938,0.901,0.911,0.907,1.764,0.016,916894.1,1006638
2023/08/31,0.929,0.957,0.905,0.907,0.929,-0.969,-0.009,1292567.6,1401297
2023/08/30,0.883,0.97,0.88,0.929,0.883,5.21,0.046,6458422.0,6872455
2023/08/29,0.881,0.899,0.876,0.883,0.881,-0.341,-0.003,362963.6,410513
2023/08/28,0.881,0.925,0.873,0.881,0.881,0.0,0.0,1398786.5,1553304
2023/08/27,0.86,0.89,0.86,0.881,0.86,3.488,0.03,482353.3,549223
2023/08/24,0.88,0.896,0.85,0.86,0.88,-2.273,-0.02,665010.55,769921
2023/08/23,0.901,0.929,0.856,0.88,0.901,-4.994,-0.045,2463724.8,2702131
2023/08/22,0.856,0.905,0.835,0.901,0.856,5.257,0.045,2599043.2,2966604
2023/08/21,0.856,0.844,0.83,0.856,0.856,-1.519,-0.013,92791.85,110894
2023/08/20,0.856,0.844,0.83,0.856,0.856,-2.921,-0.025,206458.425,247547
2023/08/17,0.856,0.852,0.83,0.856,0.856,-3.037,-0.026,72305.56875,85914
2023/08/16,0.856,0.85,0.836,0.856,0.856,-1.519,-0.013,257723.25,305666
2023/08/15,0.856,0.849,0.833,0.856,0.856,-2.22,-0.019,246508.45,294535
2023/08/14,0.856,0.854,0.84,0.856,0.856,-1.168,-0.01,113730.4,134042
2023/08/13,0.856,0.854,0.82,0.856,0.856,-0.467,-0.004,225256.525,267981
2023/08/10,0.856,0.854,0.844,0.856,0.856,-1.168,-0.01,217344.075,257079
2023/08/09,0.852,0.869,0.844,0.856,0.852,-0.939,-0.008,316775.9,370297
2023/08/08,0.837,0.86,0.823,0.852,0.837,1.792,0.015,839407.1,996279
2023/08/07,0.818,0.846,0.83,0.837,0.818,2.934,0.024,340603.4,406831
2023/08/06,0.818,0.84,0.815,0.818,0.818,1.956,0.016,235355.6,285001
2023/08/03,0.837,0.836,0.816,0.818,0.837,-1.434,-0.012,370173.475,451934
2023/08/02,0.849,0.869,0.813,0.837,0.849,-4.24,-0.036,632816.75,749345
2023/08/01,0.849,0.85,0.83,0.849,0.849,-1.885,-0.016,82016.31875,97618
2023/07/31,0.859,0.868,0.825,0.849,0.859,-3.958,-0.034,340056.5,399932
2023/07/30,0.814,0.869,0.812,0.859,0.814,5.037,0.041,1046544.5,1240927
2023/07/27,0.823,0.823,0.81,0.814,0.823,-1.337,-0.011,302387.45,371506
2023/07/26,0.823,0.823,0.81,0.823,0.823,0.0,0.0,213632.85,261659
2023/07/25,0.823,0.83,0.813,0.823,0.823,-1.215,-0.01,208772.5125,254649
2023/07/24,0.823,0.823,0.815,0.823,0.823,-0.851,-0.007,189785.0,231430
2023/07/19,0.815,0.835,0.815,0.823,0.815,0.982,0.008,325770.7,395794
2023/07/18,0.811,0.82,0.81,0.815,0.811,1.11,0.009,333172.4,408817
2023/07/17,0.812,0.823,0.805,0.811,0.812,-0.493,-0.004,392571.2,484223
2023/07/16,0.819,0.83,0.805,0.812,0.819,-1.709,-0.014,415627.7,510458
2023/07/13,0.821,0.825,0.811,0.819,0.821,-0.487,-0.004,329336.875,401987
2023/07/12,0.821,0.826,0.81,0.821,0.821,-0.365,-0.003,139053.65,170567
2023/07/11,0.808,0.83,0.81,0.821,0.808,1.114,0.009,486988.5,593296
2023/07/10,0.816,0.82,0.793,0.808,0.816,0.49,0.004,442673.75,549869
2023/07/09,0.833,0.838,0.8,0.816,0.833,-3.962,-0.033,357597.475,437510
2023/07/06,0.839,0.843,0.826,0.833,0.839,-1.549,-0.013,389919.1,467661
2023/07/05,0.839,0.85,0.833,0.839,0.839,-0.715,-0.006,265246.875,316607
2023/07/04,0.836,0.859,0.833,0.839,0.836,0.359,0.003,505992.3,601168
2023/06/26,0.85,0.876,0.83,0.836,0.85,-1.647,-0.014,581468.1,693126
2023/06/25,0.85,0.89,0.846,0.85,0.85,-0.471,-0.004,282310.975,330029
2023/06/22,0.849,0.868,0.84,0.85,0.849,-0.707,-0.006,342147.5,402324
2023/06/21,0.884,0.889,0.842,0.849,0.884,-4.299,-0.038,794012.0,922654
2023/06/20,0.882,0.907,0.876,0.884,0.882,-0.68,-0.006,878321.9,989177
2023/06/19,0.9,0.91,0.88,0.882,0.9,-1.333,-0.012,764094.55,859496
2023/06/18,0.897,0.92,0.892,0.9,0.897,-0.557,-0.005,950633.8,1047005
2023/06/15,0.883,0.905,0.87,0.897,0.883,1.586,0.014,704281.0,786239
2023/06/14,0.869,0.91,0.869,0.883,0.869,0.806,0.007,467830.2,528254
2023/06/13,0.906,0.905,0.866,0.869,0.906,-4.084,-0.037,1467893.1,1667131
2023/06/12,0.91,0.929,0.896,0.906,0.91,-1.099,-0.01,367453.85,404819
2023/06/11,0.898,0.915,0.903,0.91,0.898,1.336,0.012,590030.1,648584
2023/06/08,0.947,0.951,0.895,0.898,0.947,-5.174,-0.049,2704282.4,2954779
2023/06/07,0.896,0.982,0.922,0.947,0.896,4.464,0.04,6028655.6,6266092
2023/06/06,0.9,0.918,0.89,0.896,0.9,-0.556,-0.005,684140.45,764653
2023/06/05,0.921,0.93,0.894,0.9,0.921,-2.28,-0.021,1117653.6,1226440
2023/06/04,0.897,0.94,0.911,0.921,0.897,2.676,0.024,2119119.2,2283573
2023/06/01,0.897,0.91,0.887,0.897,0.897,-0.223,-0.002,522770.7,583360
2023/05/31,0.91,0.924,0.887,0.897,0.91,-1.429,-0.013,1132703.1,1251340
2023/05/30,0.922,0.938,0.9,0.91,0.922,-1.302,-0.012,1340145.5,1456753
2023/05/29,0.899,0.928,0.9,0.922,0.899,3.003,0.027,2605214.0,2836397
2023/05/28,0.869,0.9,0.865,0.899,0.869,3.452,0.03,1720013.2,1943901
2023/05/25,0.881,0.89,0.861,0.869,0.881,-1.93,-0.017,505736.15,578461
2023/05/24,0.855,0.894,0.86,0.881,0.855,3.041,0.026,1593841.5,1815270
2023/05/23,0.849,0.857,0.835,0.855,0.849,0.589,0.005,517081.3,607125
2023/05/22,0.821,0.858,0.819,0.849,0.821,2.436,0.02,949375.1,1123486
2023/05/21,0.821,0.83,0.815,0.821,0.821,-0.365,-0.003,253497.625,309041
2023/05/18,0.821,0.829,0.811,0.821,0.821,0.487,0.004,151745.0125,185203
2023/05/17,0.814,0.834,0.812,0.821,0.814,-0.246,-0.002,368364.125,449027
2023/05/16,0.836,0.835,0.808,0.814,0.836,-3.349,-0.028,420406.4,516135
2023/05/15,0.836,0.847,0.829,0.836,0.836,-0.837,-0.007,258938.075,309994
2023/05/14,0.836,0.849,0.83,0.836,0.836,-0.239,-0.002,167151.5,199242
2023/05/11,0.828,0.85,0.821,0.836,0.828,1.932,0.016,330035.475,394626
2023/05/10,0.85,0.86,0.82,0.828,0.85,-1.294,-0.011,545914.2,654576
2023/05/09,0.837,0.865,0.838,0.85,0.837,0.358,0.003,484377.75,569341
2023/05/08,0.825,0.846,0.83,0.837,0.825,1.455,0.012,948989.6,1131529
2023/05/07,0.825,0.828,0.815,0.825,0.825,-0.606,-0.005,228857.7,277679
2023/05/03,0.843,0.84,0.82,0.825,0.843,-2.135,-0.018,482285.1,582498
2023/05/02,0.845,0.852,0.829,0.843,0.845,-0.118,-0.001,637710.25,761156
2023/05/01,0.862,0.884,0.841,0.845,0.862,-1.16,-0.01,596148.0,696592
2023/04/30,0.861,0.885,0.86,0.862,0.861,-0.116,-0.001,1069753.5,1222194
2023/04/27,0.843,0.87,0.845,0.861,0.843,2.135,0.018,1141283.8,1335456
2023/04/26,0.843,0.849,0.831,0.843,0.843,-0.356,-0.003,223986.475,267614
2023/04/19,0.841,0.85,0.832,0.843,0.841,0.238,0.002,589902.5,699894
2023/04/18,0.841,0.845,0.827,0.841,0.841,-0.951,-0.008,230354.6,276342
2023/04/13,0.845,0.844,0.828,0.841,0.845,-0.473,-0.004,362111.85,431487
2023/04/12,0.845,0.848,0.835,0.845,0.845,-1.065,-0.009,254361.725,302793
2023/04/11,0.83,0.848,0.83,0.845,0.83,1.807,0.015,711635.75,847501
2023/04/10,0.83,0.837,0.821,0.83,0.83,0.0,0.0,120086.15,145333
2023/04/09,0.83,0.847,0.813,0.83,0.83,-0.843,-0.007,157205.5125,190881
2023/04/06,0.819,0.859,0.82,0.83,0.819,1.343,0.011,700157.05,834833
2023/04/05,0.812,0.832,0.814,0.819,0.812,0.862,0.007,564030.4,685156
2023/04/04,0.794,0.828,0.794,0.812,0.794,2.267,0.018,1202486.4,1488426
2023/04/03,0.771,0.8,0.772,0.794,0.771,3.761,0.029,901899.3,1141708
2023/04/02,0.778,0.786,0.761,0.771,0.778,-0.9,-0.007,535152.5,691660
2023/03/30,0.778,0.789,0.764,0.778,0.778,-1.799,-0.014,240897.1,311377
2023/03/29,0.756,0.792,0.761,0.778,0.756,2.91,0.022,1033037.7,1321212
2023/03/28,0.765,0.765,0.736,0.756,0.765,-1.699,-0.013,422989.05,562321
2023/03/27,0.774,0.792,0.756,0.765,0.774,-0.517,-0.004,696467.4,906910
2023/03/26,0.732,0.776,0.727,0.774,0.732,5.738,0.042,470699.55,611168
2023/03/23,0.732,0.75,0.722,0.732,0.732,-0.956,-0.007,161619.725,217571
2023/03/22,0.748,0.774,0.73,0.732,0.748,-0.401,-0.003,614758.75,821972
2023/03/21,0.717,0.757,0.723,0.748,0.717,3.766,0.027,631719.0,849505
2023/03/20,0.687,0.72,0.672,0.717,0.687,4.658,0.032,559690.25,785945
2023/03/19,0.677,0.7,0.631,0.687,0.677,3.397,0.023,535973.6,797981
2023/03/16,0.71,0.7,0.611,0.677,0.71,-4.648,-0.033,1145873.6,1707237
2023/03/15,0.752,0.788,0.7,0.71,0.752,-5.585,-0.042,648667.45,880693
2023/03/14,0.752,0.788,0.722,0.752,0.752,0.0,0.0,790498.75,1064710
2023/03/13,0.854,0.855,0.75,0.752,0.854,-11.944,-0.102,905965.8,1133579
2023/03/12,0.894,0.89,0.85,0.854,0.894,-4.474,-0.04,848047.2,977043
2023/03/09,0.883,0.9,0.875,0.894,0.883,0.34,0.003,378236.95,427016
2023/03/08,0.897,0.907,0.873,0.883,0.897,-1.561,-0.014,883428.1,1000070
2023/03/07,0.925,0.939,0.871,0.897,0.925,-3.027,-0.028,680113.75,754035
2023/03/06,0.939,0.963,0.92,0.925,0.939,-1.491,-0.014,3188422.4,3369226
2023/03/05,0.898,0.944,0.892,0.939,0.898,4.677,0.042,3760336.4,4049131
2023/03/02,0.891,0.913,0.891,0.898,0.891,0.786,0.007,1015087.3,1124469
2023/03/01,0.897,0.917,0.89,0.891,0.897,-0.111,-0.001,607833.5,678162
2023/02/28,0.903,0.918,0.891,0.897,0.903,-1.218,-0.011,335707.575,373868
2023/02/27,0.904,0.936,0.9,0.903,0.904,-0.111,-0.001,928669.1,1012610
2023/02/26,0.882,0.92,0.875,0.904,0.882,2.608,0.023,1462228.0,1612242
2023/02/23,0.885,0.91,0.87,0.882,0.885,-0.226,-0.002,402692.1,457693
2023/02/22,0.881,0.924,0.88,0.885,0.881,0.454,0.004,778610.0,863275
2023/02/21,0.876,0.89,0.872,0.881,0.876,0.457,0.004,499878.75,566909
2023/02/20,0.883,0.897,0.87,0.876,0.883,-0.68,-0.006,899981.4,1019264
2023/02/19,0.894,0.897,0.872,0.883,0.894,-1.566,-0.014,503616.7,567490
2023/02/16,0.895,0.906,0.89,0.894,0.895,-0.223,-0.002,691174.4,771743
2023/02/15,0.895,0.915,0.89,0.895,0.895,-0.223,-0.002,680309.5,758835
2023/02/14,0.869,0.91,0.865,0.895,0.869,2.992,0.026,1493439.0,1670294
2023/02/13,0.865,0.887,0.85,0.869,0.865,0.462,0.004,843688.4,984046
2023/02/12,0.873,0.893,0.86,0.865,0.873,-0.916,-0.008,1028364.3,1173364
2023/02/09,0.839,0.88,0.837,0.873,0.839,4.052,0.034,1282354.0,1484030
2023/02/08,0.85,0.85,0.83,0.839,0.85,-1.647,-0.014,1033069.4,1224513
2023/02/07,0.844,0.88,0.83,0.85,0.844,0.711,0.006,1102371.8,1288430
2023/02/06,0.831,0.859,0.83,0.844,0.831,2.286,0.019,713666.4,853775
2023/02/05,0.881,0.873,0.81,0.831,0.881,-5.675,-0.05,832935.2,1000880
2023/02/02,0.904,0.939,0.86,0.881,0.904,-4.757,-0.043,753686.25,840649
2023/02/01,0.919,0.93,0.898,0.904,0.919,-1.632,-0.015,1089380.1,1202070
2023/01/31,0.93,0.969,0.912,0.919,0.93,-1.183,-0.011,1295051.0,1385579
2023/01/30,0.977,1.0,0.925,0.93,0.977,-4.811,-0.047,2935017.2,3037966
2023/01/29,0.967,0.99,0.973,0.977,0.967,1.034,0.01,597549.55,610796
2023/01/25,0.966,0.998,0.96,0.967,0.966,0.104,0.001,977904.4,1006604
2023/01/24,0.962,0.989,0.948,0.966,0.962,0.104,0.001,695710.95,720686
2023/01/23,0.995,0.995,0.953,0.962,0.995,-3.819,-0.038,869355.0,894106
2023/01/22,0.996,1.019,0.992,0.995,0.996,-0.402,-0.004,1222008.8,1222524
2023/01/19,1.001,1.027,0.994,0.996,1.001,-0.5,-0.005,1947697.6,1943012
2023/01/18,1.022,1.04,1.0,1.001,1.022,-2.055,-0.021,3526540.0,3468970
2023/01/17,1.013,1.049,1.004,1.022,1.013,0.888,0.009,3841564.8,3721145
2023/01/16,0.91,1.038,0.933,1.013,0.91,11.319,0.103,4595247.2,4657817
2023/01/15,0.936,0.957,0.901,0.91,0.936,-3.312,-0.031,1293251.8,1409812
2023/01/12,0.968,0.995,0.93,0.936,0.968,-3.306,-0.032,1817980.6,1935968
2023/01/11,0.972,1.01,0.951,0.968,0.972,-1.235,-0.012,1644413.1,1662863
2023/01/10,1.003,1.028,0.97,0.972,1.003,-3.091,-0.031,1853719.2,1878231
2023/01/09,1.026,1.05,1.0,1.003,1.026,-2.242,-0.023,3680824.8,3624378
2023/01/05,1.044,1.079,1.01,1.026,1.044,-1.724,-0.018,3821629.6,3724330
2023/01/04,1.063,1.08,0.95,1.044,1.063,-1.787,-0.019,3443322.4,3316523
2023/01/03,1.062,1.079,1.043,1.063,1.062,0.094,0.001,2479234.4,2322367
2023/01/02,1.037,1.07,1.04,1.062,1.037,2.411,0.025,1838807.2,1734929
2022/12/29,1.04,1.06,1.035,1.037,1.04,-0.288,-0.003,3406622.4,3263432
2022/12/28,1.039,1.05,1.027,1.04,1.039,0.096,0.001,1752789.6,1690546
2022/12/27,1.038,1.066,1.025,1.039,1.038,0.193,0.002,6791090.4,6491869
2022/12/26,0.973,1.05,0.973,1.038,0.973,6.68,0.065,4967276.0,4935167
2022/12/25,1.026,1.02,0.961,0.973,1.026,-5.166,-0.053,3270963.6,3301330
2022/12/22,1.085,1.098,1.02,1.026,1.085,-5.438,-0.059,4996911.6,4746953
2022/12/21,1.091,1.147,1.07,1.085,1.091,-0.55,-0.006,8548839.2,7720976
2022/12/20,1.1,1.147,1.08,1.091,1.1,-0.818,-0.009,6935470.4,6206518
2022/12/19,1.041,1.1,1.025,1.1,1.041,5.668,0.059,9924360.8,9224993
2022/12/18,0.994,1.078,0.988,1.041,0.994,4.728,0.047,9423184.8,9117721
2022/12/15,0.985,1.05,0.982,0.994,0.985,1.523,0.015,8588764.8,8430364
2022/12/14,0.911,0.996,0.91,0.985,0.911,8.123,0.074,1.04690512E7,10972386
2022/12/13,0.872,0.929,0.867,0.911,0.872,4.472,0.039,4034803.2,4480773
2022/12/12,0.873,0.88,0.857,0.872,0.873,0.458,0.004,1414457.2,1632936
2022/12/11,0.88,0.902,0.869,0.873,0.88,-0.795,-0.007,1903323.6,2148650
2022/12/08,0.884,0.897,0.87,0.88,0.884,-0.452,-0.004,2073207.8,2347152
2022/12/07,0.889,0.907,0.877,0.884,0.889,-0.562,-0.005,2912129.2,3262290
2022/12/06,0.892,0.91,0.87,0.889,0.892,-0.336,-0.003,3487117.6,3939721
2022/12/05,0.923,0.946,0.882,0.892,0.923,-3.359,-0.031,4736181.6,5242978
2022/12/04,0.904,0.946,0.919,0.923,0.904,2.102,0.019,4175007.2,4490155
2022/12/01,0.853,0.917,0.865,0.904,0.853,5.744,0.049,6203024.4,6889490
2022/11/30,0.881,0.905,0.846,0.853,0.881,-3.178,-0.028,6039524.0,6920026
2022/11/29,0.833,0.899,0.83,0.881,0.833,5.762,0.048,8529168.0,9801823
2022/11/28,0.801,0.845,0.802,0.833,0.801,3.995,0.032,5703098.0,6892647
2022/11/27,0.787,0.817,0.79,0.801,0.787,1.779,0.014,3021703.2,3749338
2022/11/24,0.774,0.8,0.77,0.787,0.774,1.68,0.013,3539698.8,4482069
2022/11/23,0.765,0.79,0.771,0.774,0.765,1.176,0.009,1595062.4,2046117
2022/11/22,0.766,0.78,0.756,0.765,0.766,-0.131,-0.001,1336983.6,1743350
2022/11/21,0.772,0.788,0.76,0.766,0.772,-0.777,-0.006,3455309.2,4461821
2022/11/20,0.755,0.778,0.745,0.772,0.755,2.252,0.017,3413232.8,4467938
2022/11/17,0.715,0.778,0.72,0.755,0.715,5.594,0.04,7053884.0,9364948
2022/11/16,0.692,0.718,0.701,0.715,0.692,3.324,0.023,1209471.8,1701512
2022/11/15,0.693,0.711,0.687,0.692,0.693,1.01,0.007,475648.6,682096
2022/11/14,0.695,0.72,0.681,0.693,0.695,-0.288,-0.002,1225506.6,1748628
2022/11/13,0.672,0.7,0.686,0.695,0.672,2.976,0.02,533111.2,767794
2022/11/10,0.674,0.688,0.654,0.672,0.674,-0.297,-0.002,667611.25,984169
2022/11/09,0.674,0.684,0.663,0.674,0.674,0.0,0.0,206160.25,306709
2022/11/08,0.68,0.69,0.673,0.674,0.68,-1.029,-0.007,395885.825,582132
2022/11/07,0.68,0.688,0.672,0.68,0.68,0.0,0.0,689678.0,1012070
2022/11/06,0.682,0.69,0.671,0.68,0.682,-0.293,-0.002,364000.775,533752
2022/11/03,0.693,0.701,0.681,0.682,0.693,-1.732,-0.012,521223.05,755266
2022/11/02,0.701,0.715,0.693,0.693,0.701,-1.141,-0.008,468420.1,665078
2022/11/01,0.705,0.717,0.693,0.701,0.705,-0.567,-0.004,438712.5,623558
2022/10/31,0.698,0.711,0.685,0.705,0.698,0.716,0.005,315587.075,452542
2022/10/30,0.708,0.728,0.693,0.698,0.708,-2.119,-0.015,1373518.6,1929937
2022/10/27,0.704,0.73,0.7,0.708,0.704,0.568,0.004,1075052.6,1506239
2022/10/26,0.704,0.707,0.693,0.704,0.704,-1.42,-0.01,143129.3125,204927
2022/10/25,0.71,0.716,0.7,0.704,0.71,-0.282,-0.002,367954.575,522243
2022/10/24,0.707,0.723,0.707,0.71,0.707,0.424,0.003,816680.95,1142236
2022/10/23,0.704,0.728,0.703,0.707,0.704,0.71,0.005,976094.5,1375842
2022/10/20,0.704,0.717,0.702,0.704,0.704,0.0,0.0,146794.475,207542
2022/10/19,0.713,0.737,0.7,0.704,0.713,-1.262,-0.009,1402333.9,1947028
2022/10/18,0.707,0.719,0.704,0.713,0.707,1.697,0.012,306298.95,431029
2022/10/17,0.704,0.716,0.704,0.707,0.704,0.142,0.001,379263.7,535044
2022/10/16,0.686,0.726,0.69,0.704,0.686,3.353,0.023,1083329.1,1525823
2022/10/13,0.673,0.698,0.68,0.686,0.673,1.932,0.013,500573.15,727857
2022/10/12,0.676,0.701,0.67,0.673,0.676,-0.444,-0.003,1060452.0,1547774
2022/10/11,0.704,0.715,0.671,0.676,0.704,-3.977,-0.028,822030.8,1196829
2022/10/10,0.711,0.729,0.7,0.704,0.711,-0.985,-0.007,975528.4,1380636
2022/10/09,0.712,0.739,0.701,0.711,0.712,-0.14,-0.001,1802540.0,2493632
2022/10/05,0.711,0.737,0.71,0.72,0.711,1.266,0.009,1227304.4,1687359
2022/10/04,0.707,0.719,0.708,0.711,0.707,0.424,0.003,379211.025,532692
2022/10/03,0.72,0.72,0.69,0.707,0.72,-3.194,-0.023,775224.0,1101592
2022/10/02,0.72,0.73,0.702,0.72,0.72,-2.222,-0.016,287044.0,403620
2022/09/29,0.719,0.737,0.716,0.72,0.719,0.139,0.001,413761.45,573364
2022/09/28,0.736,0.75,0.712,0.719,0.736,-2.31,-0.017,705624.2,966675
2022/09/27,0.719,0.758,0.712,0.736,0.719,2.364,0.017,1615789.2,2201717
2022/09/26,0.705,0.72,0.705,0.719,0.705,1.986,0.014,807083.8,1123623
2022/09/25,0.705,0.71,0.7,0.705,0.705,0.0,0.0,185551.3875,264198
2022/09/22,0.706,0.718,0.69,0.705,0.706,-0.142,-0.001,444123.3,628789
2022/09/21,0.72,0.73,0.7,0.706,0.72,-2.083,-0.015,926722.1,1302124
2022/09/20,0.706,0.729,0.691,0.72,0.706,1.983,0.014,1469575.1,2068813
2022/09/19,0.684,0.718,0.661,0.706,0.684,4.971,0.034,981645.2,1400798
2022/09/18,0.772,0.795,0.68,0.684,0.772,-11.399,-0.088,2517284.4,3522177
2022/09/15,0.775,0.803,0.76,0.772,0.775,-0.387,-0.003,1775280.0,2266435
2022/09/14,0.799,0.798,0.76,0.775,0.799,-3.004,-0.024,1852300.2,2384243
2022/09/13,0.777,0.824,0.78,0.799,0.777,2.831,0.022,6676920.0,8237428
2022/09/12,0.784,0.8,0.77,0.777,0.784,-0.893,-0.007,847534.9,1086255
2022/09/11,0.788,0.82,0.792,0.809,0.788,2.411,0.019,800401.5,990997
2022/09/08,0.751,0.82,0.742,0.788,0.751,4.927,0.037,7215373.6,9067678
2022/09/07,0.753,0.781,0.75,0.751,0.753,-0.266,-0.002,2886050.4,3775216
2022/09/06,0.728,0.757,0.73,0.753,0.728,3.434,0.025,4048398.4,5412098
2022/09/05,0.708,0.733,0.707,0.728,0.708,2.825,0.02,1638828.5,2265084
2022/09/04,0.71,0.724,0.7,0.708,0.71,-0.282,-0.002,318267.95,450059
2022/09/01,0.716,0.735,0.705,0.71,0.716,-0.838,-0.006,1324974.2,1853395
2022/08/31,0.732,0.758,0.71,0.716,0.732,-1.776,-0.013,2899554.4,3962962
2022/08/30,0.713,0.738,0.705,0.732,0.713,3.366,0.024,1615713.4,2227329
2022/08/29,0.706,0.74,0.711,0.713,0.706,0.85,0.006,2784085.6,3834480
2022/08/28,0.718,0.739,0.7,0.706,0.718,-1.114,-0.008,988863.7,1389949
2022/08/25,0.707,0.735,0.712,0.718,0.707,1.697,0.012,834122.9,1150581
2022/08/24,0.716,0.724,0.701,0.707,0.716,-1.257,-0.009,706546.05,997740
2022/08/23,0.724,0.75,0.705,0.716,0.724,0.138,0.001,2417099.6,3315599
2022/08/22,0.743,0.759,0.721,0.724,0.743,-2.557,-0.019,1200668.0,1631697
2022/08/21,0.735,0.75,0.721,0.743,0.735,1.497,0.011,786188.55,1060582
2022/08/18,0.746,0.76,0.703,0.735,0.746,-2.145,-0.016,1139630.6,1555496
2022/08/17,0.752,0.787,0.731,0.746,0.752,-1.596,-0.012,2855898.0,3735395
2022/08/16,0.737,0.79,0.723,0.752,0.737,2.035,0.015,5650508.4,7421983
2022/08/15,0.69,0.749,0.66,0.737,0.69,6.812,0.047,6072985.6,8360337
2022/08/14,0.68,0.706,0.685,0.69,0.68,1.471,0.01,3070471.2,4408800
2022/08/11,0.648,0.683,0.643,0.68,0.648,4.938,0.032,3120821.0,4650951
2022/08/10,0.631,0.663,0.633,0.648,0.631,3.17,0.02,1288429.2,1974288
2022/08/09,0.65,0.658,0.624,0.631,0.65,-4.0,-0.026,692715.95,1080863
2022/08/08,0.639,0.679,0.644,0.65,0.639,0.782,0.005,2755446.8,4162533
2022/08/07,0.614,0.647,0.615,0.639,0.614,4.072,0.025,2282130.4,3594848
2022/08/04,0.601,0.625,0.604,0.614,0.601,2.163,0.013,524330.55,856177
2022/08/03,0.602,0.62,0.596,0.601,0.602,1.329,0.008,668355.5,1100801
2022/08/02,0.604,0.617,0.6,0.602,0.604,-0.497,-0.003,585727.05,970484
2022/08/01,0.592,0.634,0.59,0.604,0.592,1.858,0.011,1322310.4,2133755
2022/07/31,0.592,0.61,0.592,0.592,0.592,0.0,0.0,162753.1375,271144
2022/07/28,0.592,0.6,0.588,0.592,0.592,0.0,0.0,294646.325,497290
2022/07/27,0.599,0.605,0.581,0.592,0.599,-1.169,-0.007,1039756.2,1741546
2022/07/26,0.574,0.614,0.58,0.599,0.574,3.833,0.022,1546686.4,2576937
2022/07/25,0.574,0.58,0.565,0.574,0.574,-0.697,-0.004,216585.975,379331
2022/07/24,0.575,0.589,0.572,0.574,0.575,-0.522,-0.003,344286.2,591288
2022/07/21,0.555,0.583,0.565,0.575,0.555,2.883,0.016,411507.525,716800
2022/07/20,0.555,0.57,0.56,0.555,0.555,0.901,0.005,289947.825,513275
2022/07/19,0.555,0.569,0.555,0.555,0.555,1.622,0.009,132034.0625,235018
2022/07/18,0.555,0.566,0.55,0.555,0.555,0.541,0.003,294023.125,526759
2022/07/17,0.555,0.557,0.53,0.555,0.555,-0.901,-0.005,34270.80625,62278
2022/07/07,0.549,0.56,0.54,0.555,0.549,1.457,0.008,691317.3,1254008
2022/07/06,0.57,0.55,0.52,0.549,0.57,-3.509,-0.02,312290.875,578387
2022/07/05,0.57,0.54,0.515,0.57,0.57,-9.649,-0.055,200431.9375,382047
2022/07/04,0.57,0.554,0.515,0.57,0.57,-8.772,-0.05,113937.525,217875
2022/07/03,0.57,0.56,0.55,0.57,0.57,-2.807,-0.016,166189.775,300369
2022/06/29,0.55,0.579,0.54,0.57,0.55,1.818,0.01,322089.25,565941
2022/06/28,0.582,0.581,0.471,0.55,0.582,-5.498,-0.032,583709.4,1056077
2022/06/27,0.591,0.586,0.581,0.582,0.591,-1.692,-0.01,514162.7,879667
2022/06/26,0.602,0.61,0.588,0.591,0.602,-2.159,-0.013,682487.5,1136340
2022/06/23,0.602,0.6,0.585,0.602,0.602,-2.824,-0.017,244132.0,410700
2022/06/22,0.602,0.614,0.597,0.602,0.602,0.0,0.0,136928.9875,226902
2022/06/21,0.602,0.615,0.602,0.602,0.602,0.0,0.0,296325.775,487125
2022/06/20,0.608,0.619,0.597,0.602,0.608,-0.987,-0.006,523786.3,867734
2022/06/19,0.626,0.628,0.602,0.608,0.626,-3.834,-0.024,784796.45,1269846
2022/06/16,0.627,0.644,0.625,0.626,0.627,-0.159,-0.001,1189321.0,1871948
2022/06/15,0.623,0.638,0.621,0.627,0.623,0.321,0.002,1110494.1,1771505
2022/06/14,0.625,0.631,0.62,0.623,0.625,-0.32,-0.002,450348.05,719306
2022/06/13,0.625,0.633,0.61,0.625,0.625,0.0,0.0,609678.95,980611
2022/06/12,0.636,0.634,0.62,0.625,0.636,-1.73,-0.011,1160576.8,1860053
2022/06/09,0.639,0.646,0.625,0.636,0.639,-1.095,-0.007,844557.7,1323966
2022/06/08,0.603,0.642,0.6,0.639,0.603,5.97,0.036,1898649.2,3008201
2022/06/07,0.593,0.607,0.59,0.603,0.593,2.361,0.014,490022.95,816138
2022/06/06,0.587,0.604,0.585,0.593,0.587,1.022,0.006,475542.3,801137
2022/06/05,0.587,0.61,0.58,0.587,0.587,0.0,0.0,675227.95,1137815
2022/06/02,0.582,0.6,0.572,0.587,0.582,0.859,0.005,405691.15,693424
2022/06/01,0.599,0.613,0.58,0.582,0.599,-2.838,-0.017,484915.9,818332
2022/05/31,0.59,0.605,0.585,0.599,0.59,1.525,0.009,428290.45,714568
2022/05/30,0.594,0.608,0.58,0.59,0.594,-0.673,-0.004,519975.3,875350
2022/05/29,0.606,0.61,0.59,0.594,0.606,-2.31,-0.014,390074.825,651697
2022/05/26,0.63,0.633,0.594,0.606,0.63,-3.81,-0.024,1616131.6,2646663
2022/05/25,0.695,0.681,0.615,0.63,0.695,-9.353,-0.065,1731698.2,2676688
2022/05/24,0.681,0.704,0.663,0.695,0.681,2.056,0.014,2030428.8,2958639
2022/05/23,0.677,0.689,0.674,0.681,0.677,0.443,0.003,756222.2,1110505
2022/05/22,0.696,0.712,0.662,0.677,0.696,-2.73,-0.019,1951647.6,2816704
2022/05/19,0.714,0.716,0.69,0.696,0.714,-1.961,-0.014,4274478.0,6072911
2022/05/18,0.662,0.72,0.66,0.714,0.662,7.855,0.052,7504727.2,10683223
2022/05/17,0.641,0.665,0.64,0.662,0.641,3.744,0.024,1282761.1,1947110
2022/05/16,0.63,0.645,0.614,0.641,0.63,1.746,0.011,471181.1,741866
2022/05/15,0.64,0.648,0.625,0.63,0.64,-0.781,-0.005,316016.1,495529
2022/05/12,0.668,0.663,0.631,0.64,0.668,-4.192,-0.028,799410.8,1242097
2022/05/11,0.654,0.674,0.64,0.668,0.654,1.07,0.007,607579.9,920709
2022/05/10,0.671,0.679,0.65,0.654,0.671,-2.683,-0.018,332742.575,504835
2022/05/09,0.674,0.689,0.652,0.671,0.674,-0.445,-0.003,621112.5,927767
2022/05/08,0.676,0.69,0.641,0.674,0.676,-1.183,-0.008,334694.075,500708
2022/04/28,0.648,0.68,0.65,0.676,0.648,4.321,0.028,547077.7,813857
2022/04/27,0.63,0.66,0.623,0.648,0.63,2.54,0.016,633136.05,979958
2022/04/26,0.647,0.65,0.62,0.63,0.647,-2.937,-0.019,398095.4,631123
2022/04/21,0.609,0.658,0.62,0.647,0.609,6.568,0.04,632469.95,987165
2022/04/20,0.609,0.623,0.6,0.609,0.609,1.314,0.008,292032.7,475836
2022/04/19,0.598,0.624,0.6,0.609,0.598,2.508,0.015,424895.2,700049
2022/04/18,0.587,0.61,0.563,0.598,0.587,2.896,0.017,524197.8,887003
2022/04/17,0.627,0.666,0.551,0.587,0.627,-10.367,-0.065,864059.5,1423357
2022/04/14,0.65,0.645,0.62,0.627,0.65,-4.615,-0.03,552246.55,874820
2022/04/13,0.648,0.66,0.623,0.65,0.648,-0.772,-0.005,695936.8,1076214
2022/04/12,0.648,0.7,0.641,0.648,0.648,1.389,0.009,194838.4875,293005
2022/04/11,0.684,0.704,0.645,0.648,0.684,-5.556,-0.038,675964.1,1029012
2022/04/10,0.724,0.73,0.679,0.684,0.724,-5.939,-0.043,470560.05,670170
2022/04/07,0.738,0.743,0.722,0.724,0.738,-1.897,-0.014,663480.2,909235
2022/04/06,0.73,0.744,0.734,0.738,0.73,1.096,0.008,677639.55,917409
2022/04/05,0.73,0.744,0.729,0.73,0.73,0.0,0.0,199638.375,272798
2022/04/04,0.73,0.744,0.732,0.73,0.73,0.822,0.006,189130.35,257158
2022/04/03,0.73,0.745,0.728,0.73,0.73,0.0,0.0,411085.725,561905
2022/03/31,0.734,0.74,0.727,0.73,0.734,-0.681,-0.005,938090.5,1284177
2022/03/30,0.743,0.758,0.732,0.734,0.743,-1.211,-0.009,652270.25,882655
2022/03/29,0.741,0.754,0.727,0.743,0.741,0.405,0.003,1205722.8,1620947
2022/03/28,0.762,0.78,0.736,0.741,0.762,-2.887,-0.022,1363793.2,1828981
2022/03/27,0.783,0.793,0.761,0.762,0.783,-2.682,-0.021,1960628.4,2540721
2022/03/24,0.775,0.803,0.78,0.783,0.775,1.032,0.008,3968525.2,5008688
2022/03/23,0.776,0.792,0.772,0.775,0.776,0.0,0.0,2182641.6,2795785
2022/03/22,0.792,0.809,0.772,0.776,0.792,-2.02,-0.016,6733268.8,8475224
2022/03/21,0.806,0.829,0.786,0.792,0.806,-1.737,-0.014,7897252.0,9834269
2022/03/20,0.77,0.81,0.773,0.806,0.77,4.675,0.036,3599810.4,4508204
2022/03/17,0.777,0.8,0.762,0.77,0.777,-0.643,-0.005,2452422.4,3124561
2022/03/16,0.735,0.787,0.74,0.777,0.735,5.714,0.042,2538452.8,3287459
2022/03/15,0.74,0.75,0.712,0.735,0.74,0.0,0.0,1666756.1,2291937
2022/03/14,0.737,0.75,0.737,0.74,0.737,0.407,0.003,666683.2,900870
2022/03/13,0.752,0.765,0.734,0.737,0.752,-1.995,-0.015,485440.55,652167
2022/03/10,0.765,0.77,0.75,0.752,0.765,-1.699,-0.013,357635.825,471410
2022/03/09,0.763,0.782,0.756,0.765,0.763,-0.393,-0.003,795275.4,1030204
2022/03/08,0.755,0.77,0.74,0.763,0.755,1.987,0.015,497105.25,659281
2022/03/07,0.773,0.775,0.75,0.755,0.773,-2.329,-0.018,412974.65,544706
2022/03/06,0.78,0.788,0.764,0.773,0.78,-1.154,-0.009,453120.35,582580
2022/03/03,0.769,0.785,0.77,0.78,0.769,1.43,0.011,821569.8,1057702
2022/03/02,0.768,0.773,0.76,0.769,0.768,0.13,0.001,388860.1,507560
2022/03/01,0.758,0.773,0.754,0.768,0.758,0.923,0.007,517517.6,675654
2022/02/28,0.766,0.78,0.75,0.758,0.766,-1.044,-0.008,878571.0,1138972
2022/02/27,0.72,0.773,0.732,0.766,0.72,6.944,0.05,846787.2,1116947
2022/02/24,0.781,0.76,0.714,0.72,0.781,-7.811,-0.061,1713965.6,2330700
2022/02/23,0.773,0.8,0.777,0.781,0.773,0.906,0.007,543119.1,693217
2022/02/22,0.783,0.779,0.75,0.773,0.783,-1.277,-0.01,1313439.4,1724511
2022/02/21,0.78,0.8,0.78,0.783,0.78,0.256,0.002,717521.25,912558
2022/02/20,0.8,0.801,0.78,0.78,0.8,-1.875,-0.015,1328275.0,1673552
2022/02/17,0.768,0.81,0.773,0.8,0.768,5.208,0.04,2824192.2,3557530
2022/02/16,0.758,0.785,0.76,0.768,0.758,1.319,0.01,1226427.1,1585923
2022/02/15,0.736,0.78,0.73,0.758,0.736,2.989,0.022,1324510.4,1756251
2022/02/14,0.745,0.758,0.695,0.736,0.745,-0.403,-0.003,1987661.0,2726836
2022/02/13,0.892,0.898,0.714,0.745,0.892,-16.48,-0.147,3778668.8,4782800
2022/02/10,0.9,0.917,0.888,0.892,0.9,-0.889,-0.008,1328786.2,1486638
2022/02/09,0.931,0.937,0.892,0.9,0.931,-3.33,-0.031,1370457.4,1508391
2022/02/08,0.928,0.94,0.925,0.931,0.928,-0.216,-0.002,855398.2,920378
2022/02/07,0.95,0.962,0.926,0.928,0.95,-2.316,-0.022,2117997.0,2256826
2022/02/06,0.934,0.966,0.936,0.95,0.934,1.713,0.016,3808212.0,4008163
2022/02/03,0.917,0.943,0.915,0.934,0.917,1.854,0.017,4107556.0,4403942
2022/02/02,0.914,0.933,0.905,0.917,0.914,0.328,0.003,1080768.2,1176279
2022/02/01,0.9,0.924,0.91,0.914,0.9,1.556,0.014,844404.8,922899
2022/01/31,0.896,0.918,0.886,0.9,0.896,0.446,0.004,1034936.6,1147327
2022/01/30,0.906,0.935,0.89,0.896,0.906,-1.104,-0.01,1193821.9,1313140
2022/01/26,0.886,0.97,0.87,0.906,0.886,2.257,0.02,6703840.4,7378576
2022/01/25,0.895,0.914,0.87,0.886,0.895,-1.006,-0.009,1934013.8,2177976
2022/01/24,0.937,0.926,0.886,0.895,0.937,-4.696,-0.044,707806.0,779565
2022/01/23,0.968,0.97,0.921,0.937,0.968,-3.202,-0.031,887521.6,938287
2022/01/20,0.974,0.992,0.961,0.968,0.974,-0.616,-0.006,451476.3,466606
2022/01/19,0.987,1.0,0.971,0.974,0.987,-1.317,-0.013,1109724.9,1130711
2022/01/18,0.96,0.998,0.951,0.987,0.96,3.958,0.038,861552.9,883152
2022/01/17,0.973,0.998,0.95,0.96,0.973,-1.233,-0.012,708209.2,733304
2022/01/16,0.998,1.0,0.97,0.973,0.998,-2.505,-0.025,701699.8,716384
2022/01/13,1.016,1.02,0.993,0.998,1.016,-1.575,-0.016,1194468.1,1190089
2022/01/12,1.045,1.06,1.011,1.016,1.045,-3.254,-0.034,1576547.5,1526956
2022/01/11,1.023,1.086,1.037,1.045,1.023,2.151,0.022,7744464.8,7313330
2022/01/10,1.04,1.059,1.02,1.023,1.04,-1.923,-0.02,2574934.2,2487236
2022/01/09,1.034,1.05,1.027,1.04,1.034,0.29,0.003,2029753.6,1959376
2022/01/05,0.995,1.045,1.0,1.034,0.995,3.92,0.039,4491396.4,4389700
2022/01/04,0.986,1.0,0.983,0.995,0.986,1.42,0.014,695121.75,698644
2022/01/03,0.988,1.01,0.983,0.986,0.988,-0.506,-0.005,1248687.9,1257124
2022/01/02,0.978,1.015,0.982,0.988,0.978,1.022,0.01,619426.0,624748
2021/12/30,0.969,1.0,0.962,0.978,0.969,1.135,0.011,1497296.6,1517901
2021/12/29,0.968,0.992,0.962,0.969,0.968,0.207,0.002,511470.15,527502
2021/12/28,0.996,1.013,0.96,0.968,0.996,-2.811,-0.028,1916502.4,1955351
2021/12/27,0.963,1.024,0.96,0.996,0.963,3.427,0.033,5112255.6,5143122
2021/12/26,0.965,0.985,0.96,0.963,0.965,-0.207,-0.002,1907307.0,1963754
2021/12/23,0.964,0.986,0.96,0.965,0.964,0.104,0.001,1686106.0,1734689
2021/12/22,0.994,1.022,0.96,0.964,0.994,-3.018,-0.03,3742528.8,3769093
2021/12/21,0.956,1.03,0.97,0.994,0.956,3.975,0.038,3100823.6,3093827
2021/12/20,0.943,0.989,0.913,0.956,0.943,1.379,0.013,4796582.0,4977216
2021/12/19,0.915,0.957,0.925,0.943,0.915,2.186,0.02,1788220.8,1897870
2021/12/16,0.877,0.939,0.875,0.915,0.877,6.043,0.053,2173864.4,2384115
2021/12/15,0.866,0.899,0.87,0.877,0.866,0.924,0.008,1013129.4,1141908
2021/12/14,0.89,0.888,0.863,0.866,0.89,-1.91,-0.017,854419.4,975990
2021/12/13,0.902,0.92,0.885,0.89,0.902,-1.885,-0.017,731619.5,813530
2021/12/12,0.881,0.935,0.882,0.902,0.881,1.93,0.017,1205383.6,1315071
2021/12/09,0.886,0.9,0.86,0.881,0.886,-0.564,-0.005,1662662.8,1890072
2021/12/08,0.912,0.92,0.88,0.886,0.912,-2.851,-0.026,692285.3,779862
2021/12/07,0.941,0.95,0.902,0.912,0.941,-4.145,-0.039,1023677.7,1110547
2021/12/06,0.951,0.961,0.932,0.941,0.951,-0.105,-0.001,3282219.2,3460500
2021/12/05,0.947,0.977,0.94,0.951,0.947,0.422,0.004,2158715.0,2253627
2021/12/02,0.946,0.985,0.94,0.947,0.946,1.057,0.01,2079044.6,2161133
2021/12/01,0.943,0.964,0.937,0.946,0.943,0.318,0.003,2364487.2,2493020
2021/11/30,0.927,0.979,0.924,0.943,0.927,1.51,0.014,2478772.8,2613714
2021/11/29,0.885,0.947,0.9,0.927,0.885,4.746,0.042,1836865.6,1985200
2021/11/28,0.92,0.907,0.855,0.885,0.92,-3.804,-0.035,412190.6,463030
2021/11/25,0.87,0.924,0.875,0.92,0.87,5.747,0.05,1400378.0,1538555
2021/11/24,0.892,0.904,0.855,0.87,0.892,-2.466,-0.022,608898.0,694718
2021/11/23,0.876,0.908,0.881,0.892,0.876,1.826,0.016,513030.45,572725
2021/11/22,0.856,0.884,0.828,0.876,0.856,2.336,0.02,608845.95,697590
2021/11/21,0.889,0.89,0.85,0.856,0.889,-2.25,-0.02,454033.9,530169
2021/11/18,0.854,0.896,0.859,0.889,0.854,4.098,0.035,738156.8,838794
2021/11/17,0.854,0.895,0.86,0.854,0.854,3.981,0.034,287223.225,331203
2021/11/16,0.883,0.881,0.851,0.854,0.883,-3.284,-0.029,666664.5,770477
2021/11/15,0.934,0.948,0.87,0.883,0.934,-5.46,-0.051,584647.0,655454
2021/11/14,0.904,1.066,0.882,0.934,0.904,3.319,0.03,898020.3,975823
2021/11/11,0.861,0.95,0.872,0.904,0.861,4.994,0.043,1113188.2,1239945
2021/11/10,0.907,0.932,0.84,0.861,0.907,-4.3,-0.039,1466399.0,1690766
2021/11/09,0.941,0.95,0.901,0.907,0.941,-3.613,-0.034,1317322.6,1414520
2021/11/08,0.896,0.946,0.897,0.941,0.896,5.022,0.045,808772.8,878148
2021/11/07,0.856,0.9,0.853,0.896,0.856,3.972,0.034,494146.9,560530
2021/11/04,0.877,0.9,0.82,0.856,0.877,-1.938,-0.017,1610283.8,1884745
2021/11/03,0.973,0.972,0.853,0.877,0.973,-8.633,-0.084,1591213.5,1746908
2021/11/02,1.022,1.03,0.951,0.973,1.022,-4.795,-0.049,1648018.4,1669583
2021/11/01,1.02,1.069,1.012,1.022,1.02,0.196,0.002,3107530.4,2992713
2021/10/31,0.956,1.03,0.93,1.02,0.956,6.695,0.064,3073047.6,3061772
2021/10/28,0.89,0.97,0.9,0.956,0.89,7.416,0.066,1286412.2,1371379
2021/10/27,0.915,0.937,0.801,0.89,0.915,2.404,0.022,1679692.8,1975048
2021/10/26,0.943,1.02,0.9,0.915,0.943,-0.106,-0.001,4447146.4,4788528
2021/10/25,1.021,1.049,0.92,0.943,1.021,-7.64,-0.078,1871135.2,1931706
2021/10/24,1.027,1.1,1.011,1.021,1.027,-0.584,-0.006,5505930.0,5154271
2021/10/20,1.072,1.072,0.866,1.027,1.072,-4.198,-0.045,7136480.0,7347834
2021/10/19,1.193,1.249,1.012,1.072,1.193,-10.142,-0.121,3933535.2,3423228
2021/10/18,1.197,1.235,1.18,1.193,1.197,-0.919,-0.011,1608715.4,1336754
2021/10/17,1.202,1.227,1.191,1.197,1.202,-0.499,-0.006,462832.2,383199
2021/10/14,1.224,1.226,1.18,1.202,1.224,-1.797,-0.022,824812.6,686016
2021/10/13,1.241,1.269,1.211,1.224,1.241,-1.37,-0.017,1617680.0,1312008
2021/10/12,1.27,1.31,1.234,1.241,1.27,-2.283,-0.029,2067136.2,1641858
2021/10/11,1.328,1.358,1.26,1.27,1.328,-4.367,-0.058,3178229.6,2438438
2021/10/10,1.367,1.426,1.3,1.328,1.367,-2.853,-0.039,1.03805824E7,7472881
2021/10/06,1.248,1.386,1.23,1.367,1.248,9.535,0.119,1.06703912E7,8029275
2021/10/05,1.262,1.279,1.225,1.248,1.262,-1.109,-0.014,2800645.2,2240079
2021/10/04,1.234,1.303,1.25,1.262,1.234,2.107,0.026,5216515.6,4085181
2021/10/03,1.153,1.26,1.177,1.234,1.153,6.678,0.077,8316057.6,6717596
2021/09/30,1.109,1.16,1.1,1.153,1.109,3.968,0.044,5136828.0,4535854
2021/09/29,1.127,1.144,1.1,1.109,1.127,-1.597,-0.018,1756527.2,1576727
2021/09/28,1.119,1.149,1.085,1.127,1.119,0.715,0.008,1940070.4,1750425
2021/09/27,1.142,1.17,1.09,1.119,1.142,-2.014,-0.023,3413286.0,3001135
2021/09/26,1.148,1.179,1.12,1.142,1.148,-0.61,-0.007,7360856.0,6432144
2021/09/23,1.155,1.197,1.121,1.148,1.155,-0.606,-0.007,3772783.2,3273743
2021/09/22,1.11,1.19,1.12,1.155,1.11,4.054,0.045,1927771.6,1683676
2021/09/21,1.116,1.14,1.05,1.11,1.116,0.358,0.004,3037535.6,2763035
2021/09/20,1.151,1.16,1.052,1.116,1.151,-3.041,-0.035,4862499.2,4385657
2021/09/19,1.261,1.28,1.13,1.151,1.261,-8.723001,-0.11,3980996.8,3336570
2021/09/16,1.298,1.3,1.25,1.261,1.298,-2.851,-0.037,2906193.0,2271017
2021/09/15,1.392,1.409,1.288,1.298,1.392,-6.753,-0.094,8463372.0,6300289
2021/09/14,1.453,1.49,1.375,1.392,1.453,-4.198,-0.061,1.20517528E7,8453239
2021/09/13,1.266,1.468,1.28,1.453,1.266,14.771001,0.187,1.23027272E7,8994648
2021/09/12,1.266,1.283,1.237,1.266,1.266,0.0,0.0,722564.0,576092
2021/09/09,1.281,1.31,1.201,1.266,1.281,-1.171,-0.015,3046039.0,2402722
2021/09/08,1.194,1.349,1.22,1.272,1.194,7.286,0.087,6256792.0,4823672
2021/09/07,1.184,1.24,1.141,1.194,1.184,1.351,0.016,1098458.5,922322
2021/09/06,1.283,1.299,1.175,1.183,1.283,-7.716001,-0.099,3676127.2,2987375
2021/09/05,1.271,1.38,1.27,1.284,1.271,0.944,0.012,9437532.8,7130826
2021/09/02,1.299,1.301,1.252,1.271,1.299,-2.156,-0.028,2522963.2,1985206
2021/09/01,1.272,1.339,1.261,1.299,1.272,1.258,0.016,4547840.8,3500555
2021/08/31,1.377,1.3,1.256,1.272,1.377,-7.771,-0.107,1903905.8,1496259
2021/08/30,1.378,1.44,1.26,1.377,1.378,-5.66,-0.078,1.44209248E7,10472257
2021/08/29,1.324,1.42,1.202,1.378,1.324,4.154,0.055,1.027226E7,7453448
2021/08/26,1.408,1.424,1.268,1.324,1.408,-7.67,-0.108,7153356.0,5402350
2021/08/25,1.457,1.455,1.36,1.408,1.457,-5.285,-0.077,4266111.6,3030031
2021/08/24,1.501,1.51,1.401,1.457,1.501,-5.73,-0.086,1.09399232E7,7510473
2021/08/23,1.479,1.57,1.436,1.501,1.479,2.096,0.031,2.31409248E7,15420675
2021/08/22,1.449,1.52,1.401,1.479,1.449,1.38,0.02,8636228.8,5838683
2021/08/19,1.5,1.5,1.4,1.449,1.5,-4.667,-0.07,1.05720112E7,7296801
2021/08/18,1.465,1.582,1.477,1.5,1.465,1.706,0.025,2.6653784E7,17772421
2021/08/17,1.373,1.51,1.4,1.465,1.373,9.905001,0.136,3.07771808E7,21006785
2021/08/16,1.294,1.414,1.304,1.373,1.294,8.964,0.116,2.01465264E7,14673909
2021/08/15,1.195,1.314,1.15,1.294,1.195,9.958,0.119,1.6036632E7,12392855
2021/08/11,1.219,1.228,1.171,1.195,1.219,-1.559,-0.019,5032690.4,4212856
2021/08/10,1.246,1.275,1.16,1.219,1.246,-4.896,-0.061,5981280.0,4906999
2021/08/09,1.333,1.35,1.202,1.246,1.333,-6.227,-0.083,7383544.0,5925240
2021/08/08,1.27,1.366,1.276,1.333,1.27,4.331,0.055,1.69341264E7,12704419
2021/08/05,1.219,1.33,1.195,1.27,1.219,4.18,0.051,2.905269496E7,22882610
2021/08/04,1.13,1.243,1.156,1.219,1.13,8.85,0.1,2.187112E7,17940142
2021/08/03,1.046,1.15,1.057,1.13,1.046,9.943,0.104,2.52503664E7,22351513
2021/08/02,0.967,1.063,0.97,1.046,0.967,9.927999,0.096,1.69647696E7,16224107
2021/08/01,0.959,0.977,0.96,0.967,0.959,1.356,0.013,1577510.1,1630679
2021/07/29,0.945,0.978,0.931,0.959,0.945,0.635,0.006,1653678.2,1725265
2021/07/28,0.96,0.962,0.931,0.945,0.96,-2.083,-0.02,995326.1,1053660
2021/07/27,0.965,0.979,0.946,0.96,0.965,-1.969,-0.019,1381496.6,1439263
2021/07/26,0.965,0.978,0.949,0.965,0.965,-0.518,-0.005,2275330.8,2357658
2021/07/25,0.934,0.98,0.95,0.965,0.934,2.141,0.02,2488574.2,2578284
2021/07/18,0.891,0.957,0.898,0.934,0.891,4.714,0.042,4807417.6,5149526
2021/07/15,0.86,0.91,0.858,0.891,0.86,2.674,0.023,3069028.0,3443197
2021/07/14,0.833,0.885,0.821,0.86,0.833,5.642,0.047,2504162.2,2911291
2021/07/13,0.816,0.839,0.82,0.833,0.816,2.819,0.023,477662.95,573520
2021/07/12,0.812,0.834,0.806,0.816,0.812,-0.739,-0.006,571259.05,700200
2021/07/11,0.832,0.825,0.8,0.812,0.832,-2.644,-0.022,486081.5,598650
2021/07/08,0.846,0.85,0.823,0.832,0.846,-2.719,-0.023,454481.8,546295
2021/07/07,0.844,0.86,0.84,0.846,0.844,-0.237,-0.002,486335.6,575098
2021/07/06,0.881,0.86,0.806,0.844,0.881,-2.951,-0.026,894575.7,1059314
2021/07/05,0.878,0.9,0.86,0.881,0.878,-2.05,-0.018,913192.4,1036506
2021/07/04,0.87,0.89,0.868,0.878,0.87,2.184,0.019,589187.05,670862
2021/06/30,0.855,0.9,0.85,0.87,0.855,1.52,0.013,1407565.0,1617039
2021/06/29,0.882,0.87,0.846,0.855,0.882,-3.628,-0.032,902099.6,1055596
2021/06/28,0.905,0.908,0.87,0.882,0.905,-3.757,-0.034,842936.5,955350
2021/06/27,0.892,0.929,0.88,0.905,0.892,-0.785,-0.007,3248495.0,3589315
2021/06/24,0.898,0.902,0.881,0.892,0.898,-1.893,-0.017,843627.9,945797
2021/06/23,0.902,0.908,0.884,0.898,0.902,-0.998,-0.009,784156.7,873587
2021/06/22,0.911,0.92,0.89,0.902,0.911,-1.207,-0.011,1536971.4,1704271
2021/06/21,0.875,0.925,0.881,0.911,0.875,5.029,0.044,3813733.6,4184127
2021/06/20,0.861,0.899,0.846,0.875,0.861,2.207,0.019,943737.4,1078242
2021/06/17,0.845,0.88,0.842,0.861,0.845,2.367,0.02,706212.95,819860
2021/06/16,0.88,0.867,0.835,0.845,0.88,-3.977,-0.035,732813.5,866731
2021/06/15,0.891,0.916,0.855,0.88,0.891,-3.255,-0.029,1097665.5,1247455
2021/06/14,0.901,0.905,0.863,0.891,0.901,-1.887,-0.017,1303726.1,1463955
2021/06/13,0.924,0.931,0.875,0.901,0.924,-4.762,-0.044,2491555.6,2766667
2021/06/10,0.884,0.955,0.88,0.924,0.884,3.507,0.031,5314088.8,5752110
2021/06/09,0.888,0.912,0.87,0.884,0.888,-2.027,-0.018,1603805.5,1814368
2021/06/08,0.914,0.915,0.876,0.888,0.914,-3.501,-0.032,1126532.0,1268562
2021/06/07,0.917,0.937,0.901,0.914,0.917,-1.418,-0.013,1275863.0,1396323
2021/06/06,0.896,0.927,0.91,0.917,0.896,2.344,0.021,1309102.9,1427575
2021/06/03,0.918,0.929,0.88,0.896,0.918,-2.179,-0.02,1747091.0,1948987
2021/06/02,0.88,0.946,0.888,0.918,0.88,2.273,0.02,5373108.8,5850128
2021/06/01,0.914,0.924,0.86,0.88,0.914,-2.516,-0.023,3116824.2,3539965
2021/05/31,0.925,0.94,0.89,0.914,0.925,-3.676,-0.034,1530776.9,1674174
2021/05/30,0.896,0.946,0.882,0.925,0.896,4.911,0.044,5717464.8,6181392
2021/05/27,0.861,0.92,0.853,0.896,0.861,4.646,0.04,4310890.0,4809045
2021/05/26,0.841,0.872,0.845,0.861,0.841,2.259,0.019,1156236.9,1342960
2021/05/25,0.877,0.86,0.81,0.841,0.877,-3.079,-0.027,1417299.8,1685037
2021/05/24,0.87,0.906,0.84,0.877,0.87,-3.218,-0.028,2490317.2,2838766
2021/05/23,0.863,0.88,0.86,0.87,0.863,-0.348,-0.003,965917.9,1109792
2021/05/20,0.878,0.878,0.856,0.863,0.878,-1.481,-0.013,952299.2,1103765
2021/05/19,0.9,0.9,0.841,0.878,0.9,-4.444,-0.04,1279811.5,1458267
2021/05/18,0.889,0.92,0.86,0.9,0.889,1.237,0.011,3390795.2,3766257
2021/05/17,0.884,0.9,0.88,0.889,0.884,-0.226,-0.002,1446925.6,1627782
2021/05/11,0.852,0.91,0.843,0.884,0.852,2.113,0.018,2630498.4,2974004
2021/05/10,0.837,0.863,0.828,0.852,0.837,1.195,0.01,845573.0,992810
2021/05/09,0.841,0.843,0.83,0.837,0.841,-1.308,-0.011,327144.75,391051
2021/05/06,0.857,0.86,0.826,0.841,0.857,-1.984,-0.017,543207.3,645804
2021/05/05,0.844,0.869,0.852,0.857,0.844,1.659,0.014,559322.95,652775
2021/05/04,0.832,0.857,0.835,0.844,0.832,3.005,0.025,606829.1,719110
2021/04/28,0.864,0.85,0.82,0.832,0.864,-2.778,-0.024,783020.2,940954
2021/04/27,0.891,0.88,0.851,0.864,0.891,-3.479,-0.031,1358905.6,1573062
2021/04/26,0.861,0.907,0.87,0.891,0.861,1.045,0.009,4213600.4,4726539
2021/04/25,0.829,0.874,0.847,0.861,0.829,3.378,0.028,1481542.1,1721406
2021/04/22,0.809,0.85,0.797,0.829,0.809,3.832,0.031,2189478.0,2640160
2021/04/21,0.808,0.83,0.791,0.809,0.808,0.248,0.002,875508.8,1082713
2021/04/20,0.783,0.819,0.793,0.808,0.783,3.959,0.031,627684.55,776783
2021/04/19,0.75,0.801,0.751,0.783,0.75,6.667,0.05,752171.2,960742
2021/04/18,0.743,0.784,0.74,0.75,0.743,-0.135,-0.001,557207.25,742844
2021/04/15,0.761,0.78,0.726,0.743,0.761,-1.051,-0.008,606504.7,816469
2021/04/14,0.789,0.83,0.72,0.761,0.789,-4.943,-0.039,640418.7,841953
2021/04/13,0.819,0.82,0.774,0.789,0.819,-4.64,-0.038,431821.55,547648
2021/04/12,0.805,0.847,0.81,0.819,0.805,1.863,0.015,714903.9,873030
2021/04/11,0.758,0.829,0.76,0.805,0.758,7.52,0.057,1171358.6,1455947
2021/04/08,0.75,0.77,0.73,0.758,0.75,0.267,0.002,425729.2,561741
2021/04/07,0.726,0.77,0.715,0.75,0.726,1.24,0.009,752040.7,1002832
2021/04/06,0.764,0.749,0.7,0.726,0.764,-5.366,-0.041,570213.95,785766
2021/04/05,0.84,0.812,0.756,0.764,0.84,-10.0,-0.084,1278237.6,1672730
2021/04/04,0.858,0.857,0.822,0.84,0.858,-3.846,-0.033,621394.0,739414
2021/04/01,0.839,0.876,0.842,0.858,0.839,2.503,0.021,1742914.2,2031861
2021/03/31,0.867,0.855,0.802,0.839,0.867,-1.384,-0.012,974828.2,1161842
2021/03/30,0.833,0.88,0.842,0.867,0.833,3.241,0.027,1169512.0,1349379
2021/03/29,0.808,0.847,0.822,0.833,0.808,3.96,0.032,1068337.6,1283211
2021/03/28,0.767,0.82,0.78,0.808,0.767,6.91,0.053,982653.9,1216684
2021/03/25,0.767,0.789,0.723,0.767,0.767,1.695,0.013,941702.0,1228320
2021/03/24,0.742,0.794,0.75,0.767,0.742,1.078,0.008,1258453.0,1640084
2021/03/23,0.807,0.8,0.727,0.742,0.807,-1.115,-0.009,1499544.4,2020892
2021/03/22,0.883,0.879,0.795,0.807,0.883,-9.966001,-0.088,2123384.0,2630081
2021/03/21,0.911,0.939,0.841,0.883,0.911,-4.501,-0.041,806505.0,912956
2021/03/18,0.932,0.943,0.9,0.911,0.932,-0.751,-0.007,2006209.2,2201915
2021/03/17,0.928,0.953,0.925,0.932,0.928,0.431,0.004,324864.525,348484
2021/03/16,0.963,0.947,0.91,0.928,0.963,-1.765,-0.017,929490.0,1001590
2021/03/15,1.005,1.01,0.911,0.963,1.005,-4.776,-0.048,2144120.8,2227266
2021/03/14,1.024,1.037,0.984,1.005,1.024,-2.441,-0.025,1778925.6,1770484
2021/03/11,1.018,1.04,1.012,1.024,1.018,-0.491,-0.005,956040.1,933288
2021/03/10,1.021,1.037,1.0,1.018,1.021,-0.098,-0.001,2010921.2,1975567
2021/03/09,1.02,1.049,1.003,1.021,1.02,-0.882,-0.009,3226824.8,3159408
2021/03/08,1.055,1.07,1.0,1.02,1.055,-3.318,-0.035,3132368.4,3069685
2021/03/07,1.014,1.088,1.035,1.055,1.014,5.227,0.053,2680591.6,2540491
2021/03/04,1.047,1.055,0.99,1.014,1.047,-1.624,-0.017,2758671.0,2721786
2021/03/03,1.115,1.115,1.005,1.047,1.115,-8.341001,-0.093,2373039.2,2265756
2021/03/02,1.139,1.15,1.081,1.115,1.139,-5.092,-0.058,1440946.2,1292094
2021/03/01,1.144,1.153,1.125,1.139,1.144,0.524,0.006,1406073.2,1234987
2021/02/28,1.171,1.159,1.138,1.144,1.171,-2.818,-0.033,1626881.4,1422198
2021/02/25,1.148,1.19,1.154,1.171,1.148,1.132,0.013,2971653.6,2538693
2021/02/24,1.163,1.168,1.121,1.148,1.163,-1.118,-0.013,4701162.4,4094063
2021/02/23,1.192,1.198,1.151,1.163,1.192,-3.356,-0.04,3569195.2,3069845
2021/02/22,1.2,1.225,1.173,1.192,1.2,-1.667,-0.02,6101055.2,5118183
2021/02/21,1.215,1.229,1.191,1.2,1.215,-1.564,-0.019,4862323.6,4052479
2021/02/18,1.247,1.251,1.181,1.215,1.247,-2.566,-0.032,4168214.0,3430564
2021/02/17,1.219,1.279,1.211,1.247,1.219,1.231,0.015,1.05356464E7,8449440
2021/02/16,1.191,1.25,1.183,1.219,1.191,1.595,0.019,6500532.4,5332212
2021/02/15,1.22,1.21,1.176,1.191,1.22,-2.869,-0.035,3994080.8,3352299
2021/02/14,1.27,1.28,1.18,1.22,1.27,-5.512,-0.07,4560182.0,3738130
2021/02/11,1.232,1.29,1.24,1.27,1.232,2.516,0.031,1.6144512E7,12716886
2021/02/10,1.165,1.273,1.164,1.232,1.165,7.639,0.089,1.67744496E7,13616769
2021/02/09,1.184,1.179,1.156,1.165,1.184,-1.267,-0.015,2348959.0,2015545
2021/02/08,1.208,1.224,1.153,1.184,1.208,-4.222,-0.051,4005344.0,3382131
2021/02/07,1.189,1.224,1.197,1.208,1.189,0.673,0.008,3915667.6,3241855
2021/02/04,1.199,1.204,1.18,1.189,1.199,0.083,0.001,3004965.2,2526266
2021/02/03,1.232,1.235,1.184,1.199,1.232,-2.597,-0.032,7134644.0,5949046
2021/02/02,1.226,1.256,1.211,1.232,1.226,-0.163,-0.002,4898108.0,3974622
2021/02/01,1.204,1.248,1.2,1.226,1.204,1.993,0.024,7101340.0,5790772
2021/01/31,1.235,1.224,1.191,1.204,1.235,-3.563,-0.044,5071574.0,4211748
2021/01/27,1.265,1.275,1.215,1.235,1.265,-3.241,-0.041,1.23093984E7,9964553
2021/01/26,1.283,1.285,1.251,1.265,1.283,-2.416,-0.031,4225746.0,3340368
2021/01/25,1.286,1.32,1.261,1.283,1.286,-0.933,-0.012,7954889.6,6201059
2021/01/24,1.221,1.31,1.26,1.286,1.221,5.733,0.07,1.88973616E7,14697412
2021/01/21,1.178,1.265,1.172,1.221,1.178,6.961,0.082,2.60833024E7,21353865
2021/01/20,1.149,1.19,1.16,1.178,1.149,1.48,0.017,1.01727032E7,8639007
2021/01/19,1.145,1.159,1.132,1.149,1.145,0.873,0.01,3532692.0,3073861
2021/01/18,1.177,1.175,1.127,1.145,1.177,-3.993,-0.047,7587048.8,6626568
2021/01/17,1.193,1.2,1.16,1.177,1.193,-2.347,-0.028,7641587.2,6494422
2021/01/14,1.157,1.219,1.17,1.193,1.157,2.679,0.031,1.88954736E7,15842333
2021/01/13,1.154,1.179,1.142,1.157,1.154,-0.78,-0.009,3146804.4,2719889
2021/01/12,1.137,1.17,1.121,1.154,1.137,2.023,0.023,7268262.4,6297663
2021/01/11,1.137,1.154,1.12,1.137,1.137,-1.143,-0.013,3572519.6,3142817
2021/01/10,1.113,1.148,1.123,1.137,1.113,2.426,0.027,5815554.0,5114262
2021/01/06,1.117,1.13,1.1,1.113,1.117,-0.179,-0.002,3250842.4,2921877
2021/01/05,1.138,1.13,1.11,1.117,1.138,-2.285,-0.026,1635885.9,1463882
2021/01/04,1.116,1.159,1.116,1.138,1.116,1.434,0.016,8346110.4,7333759
2021/01/03,1.107,1.128,1.1,1.116,1.107,1.084,0.012,3124415.0,2799405
2020/12/31,1.101,1.129,1.084,1.107,1.101,-0.999,-0.011,3976249.6,3591317
2020/12/30,1.071,1.13,1.06,1.101,1.071,3.828,0.041,7521015.2,6831394
2020/12/29,1.063,1.09,1.063,1.071,1.063,0.659,0.007,1303497.2,1217222
2020/12/28,1.05,1.08,1.041,1.063,1.05,1.143,0.012,1526863.6,1435820
2020/12/27,1.1,1.099,1.02,1.05,1.1,-5.818,-0.064,3265422.2,3110911
2020/12/24,1.065,1.139,1.062,1.1,1.065,1.878,0.02,2538912.4,2307411
2020/12/23,1.011,1.11,1.01,1.065,1.011,7.814,0.079,4653384.4,4368282
2020/12/22,1.014,1.05,0.92,1.011,1.014,-0.394,-0.004,3324436.2,3288264
2020/12/21,1.115,1.1,1.004,1.014,1.115,-9.955,-0.111,2428140.4,2395413
2020/12/20,1.102,1.13,1.1,1.115,1.102,1.361,0.015,1433687.6,1286300
2020/12/17,1.08,1.13,1.06,1.102,1.08,2.222,0.024,5208526.0,4726229
2020/12/16,1.096,1.106,1.06,1.08,1.096,-2.372,-0.026,2283738.4,2114137
2020/12/15,1.12,1.125,1.07,1.096,1.12,-2.857,-0.032,2817566.0,2569690
2020/12/14,1.117,1.135,1.11,1.12,1.117,-0.09,-0.001,1834850.0,1637638
2020/12/13,1.114,1.138,1.092,1.117,1.114,0.09,0.001,2498644.8,2236602
2020/12/10,1.146,1.159,1.09,1.114,1.146,-2.269,-0.026,3823637.2,3431347
2020/12/09,1.18,1.165,1.13,1.146,1.18,-4.153,-0.049,2007860.8,1752096
2020/12/08,1.181,1.198,1.16,1.18,1.181,-1.609,-0.019,4057113.6,3436905
2020/12/07,1.147,1.208,1.151,1.181,1.147,2.18,0.025,9058215.2,7669839
2020/12/06,1.124,1.155,1.135,1.147,1.124,1.868,0.021,2008208.6,1750701
2020/12/03,1.139,1.149,1.114,1.124,1.139,0.878,0.01,2306883.6,2053267
2020/12/02,1.154,1.169,1.12,1.139,1.154,-2.08,-0.024,3637051.2,3193860
2020/12/01,1.145,1.172,1.142,1.154,1.145,-0.262,-0.003,3920346.8,3396929
2020/11/30,1.153,1.159,1.137,1.145,1.153,-1.041,-0.012,2168032.2,1894056
2020/11/29,1.12,1.179,1.111,1.153,1.12,2.411,0.027,6219873.6,5393296
2020/11/26,1.179,1.165,1.1,1.12,1.179,-4.156,-0.049,6777246.4,6051352
2020/11/25,1.222,1.227,1.156,1.179,1.222,-5.319,-0.065,1.22012872E7,10353220
2020/11/24,1.219,1.25,1.204,1.222,1.219,-0.902,-0.011,8432920.8,6900672
2020/11/23,1.162,1.25,1.172,1.219,1.162,6.282,0.073,2.75760192E7,22621907
2020/11/22,1.119,1.185,1.109,1.162,1.119,4.558,0.051,1.49470768E7,12859554
2020/11/19,1.153,1.154,1.081,1.119,1.153,-4.597,-0.053,7127559.2,6368612
2020/11/18,1.15,1.173,1.136,1.153,1.15,-0.87,-0.01,8839097.6,7665710
2020/11/17,1.143,1.175,1.132,1.15,1.143,0.175,0.002,7375962.4,6412180
2020/11/16,1.143,1.18,1.106,1.143,1.143,-0.262,-0.003,1.17122336E7,10245167
2020/11/15,1.166,1.185,1.12,1.143,1.166,-2.23,-0.026,4943982.4,4326938
2020/11/12,1.111,1.191,1.143,1.166,1.111,6.211,0.069,1.226974E7,10518824
2020/11/11,1.044,1.148,1.024,1.111,1.044,9.962,0.104,2.05869312E7,18531428
2020/11/10,1.03,1.077,1.013,1.044,1.03,-1.553,-0.016,6885622.4,6596820
2020/11/09,0.997,1.05,1.0,1.03,0.997,3.31,0.033,5748100.8,5579645
2020/11/08,1.015,1.02,0.972,0.997,1.015,-2.956,-0.03,2064795.6,2070331
2020/11/05,1.03,1.06,0.98,1.015,1.03,-2.913,-0.03,5121568.8,5045614
2020/11/04,0.982,1.047,1.01,1.03,0.982,4.888,0.048,3334286.8,3238058
2020/11/03,0.972,1.02,0.91,0.982,0.972,2.263,0.022,6263926.4,6378577
2020/11/02,1.045,1.067,0.941,0.972,1.045,-8.23,-0.086,8967449.6,9227506
2020/11/01,1.085,1.074,1.02,1.045,1.085,-5.161,-0.056,6297402.0,6025281
2020/10/28,1.054,1.124,1.057,1.085,1.054,2.562,0.027,1.47076576E7,13559007
2020/10/27,0.976,1.073,1.021,1.054,0.976,9.939,0.097,1.21870072E7,11560178
2020/10/26,0.932,1.025,0.905,0.976,0.932,9.979,0.093,1.37422816E7,14076511
2020/10/25,0.998,0.976,0.905,0.932,0.998,-7.515,-0.075,4113068.8,4411398
2020/10/22,1.075,1.059,0.968,0.998,1.075,-9.953,-0.107,1.09315352E7,10957337
2020/10/21,1.133,1.149,1.02,1.075,1.133,-9.974,-0.113,1.51724368E7,14114189
2020/10/20,1.159,1.152,1.11,1.133,1.159,-2.502,-0.029,9394976.8,8294895
2020/10/19,1.148,1.19,1.124,1.159,1.148,-1.568,-0.018,7862156.8,6786156
2020/10/18,1.171,1.185,1.12,1.148,1.171,-1.452,-0.017,7312166.4,6369436
2020/10/15,1.165,1.22,1.112,1.171,1.165,0.429,0.005,1.44442848E7,12332722
2020/10/14,1.234,1.259,1.111,1.165,1.234,-4.457,-0.055,1.92301936E7,16505108
2020/10/13,1.322,1.3,1.19,1.234,1.322,-7.035,-0.093,2.1286272E7,17253728
2020/10/12,1.415,1.408,1.274,1.322,1.415,-9.611,-0.136,1.08522392E7,8206412
2020/10/11,1.481,1.465,1.366,1.415,1.481,-3.511,-0.052,8914476.0,6301120
2020/10/07,1.442,1.53,1.425,1.481,1.442,-0.485,-0.007,1.7714112E7,11957157
2020/10/06,1.374,1.48,1.389,1.442,1.374,5.75,0.079,1.79265472E7,12427931
2020/10/05,1.493,1.469,1.344,1.374,1.493,-9.578,-0.143,1.2442784E7,9055300
2020/10/04,1.518,1.575,1.44,1.493,1.518,-5.138,-0.078,1.2058472E7,8075750
2020/10/01,1.529,1.57,1.462,1.518,1.529,-4.251,-0.065,1.15514416E7,7610049
2020/09/30,1.59,1.565,1.502,1.529,1.59,-5.031,-0.08,1.10020704E7,7195432
2020/09/29,1.58,1.73,1.511,1.59,1.58,-3.165,-0.05,2.53269248E7,15931956
2020/09/28,1.473,1.61,1.53,1.58,1.473,8.079,0.119,1.85132192E7,11717121
2020/09/27,1.379,1.516,1.391,1.473,1.379,9.934999,0.137,2.20476992E7,14967796
2020/09/24,1.299,1.425,1.292,1.379,1.299,7.005,0.091,1.72292992E7,12494592
2020/09/23,1.185,1.303,1.244,1.299,1.185,9.958,0.118,6828886.4,5256112
2020/09/22,1.131,1.243,1.131,1.185,1.131,9.903,0.112,1.44811888E7,12222475
2020/09/21,1.059,1.163,1.066,1.131,1.059,7.177,0.076,1.76539904E7,15614539
2020/09/20,1.003,1.09,1.0,1.059,1.003,8.076,0.081,1.25653608E7,11862485
2020/09/17,0.983,1.035,0.98,1.003,0.983,-0.305,-0.003,6709311.2,6688171
2020/09/16,0.918,1.009,0.933,0.983,0.918,9.15,0.084,1.3565184E7,13798106
2020/09/15,0.853,0.938,0.829,0.918,0.853,9.965,0.085,1.0622328E7,11576783
2020/09/14,0.859,0.879,0.83,0.853,0.859,-1.397,-0.012,2214357.0,2594600
2020/09/13,0.855,0.879,0.841,0.859,0.855,0.936,0.008,1973429.6,2296689
2020/09/10,0.832,0.878,0.832,0.855,0.832,2.524,0.021,2756023.6,3224211
2020/09/09,0.848,0.86,0.8,0.832,0.848,-2.712,-0.023,3074385.6,3696826
2020/09/08,0.91,0.92,0.819,0.848,0.91,-7.802,-0.071,4482912.8,5284719
2020/09/07,0.904,0.93,0.88,0.91,0.904,-0.442,-0.004,3457469.2,3800616
2020/09/06,0.898,0.93,0.855,0.904,0.898,0.111,0.001,3999103.2,4423460
2020/09/03,0.915,0.93,0.861,0.898,0.915,-4.59,-0.042,2682224.4,2987260
2020/09/02,0.912,0.935,0.881,0.915,0.912,-1.316,-0.012,2883594.2,3153180
2020/09/01,0.907,0.94,0.87,0.912,0.907,-0.882,-0.008,3414353.6,3744219
2020/08/31,0.884,0.95,0.85,0.907,0.884,1.81,0.016,7496606.4,8263552
2020/08/30,0.855,0.909,0.86,0.884,0.855,4.094,0.035,4410964.8,4987993
2020/08/27,0.822,0.878,0.82,0.855,0.822,4.623,0.038,5365561.6,6278630
2020/08/26,0.809,0.837,0.81,0.822,0.809,1.36,0.011,2269827.0,2760290
2020/08/25,0.817,0.835,0.79,0.809,0.817,-0.734,-0.006,2916862.2,3604005
2020/08/24,0.765,0.841,0.79,0.817,0.765,6.928,0.053,6817393.6,8349063
2020/08/23,0.719,0.79,0.73,0.765,0.719,9.875,0.071,5067650.4,6623599
2020/08/19,0.694,0.727,0.691,0.719,0.694,4.467,0.031,1134934.0,1578827
2020/08/18,0.72,0.712,0.67,0.694,0.72,-1.111,-0.008,1374120.6,1981192
2020/08/17,0.71,0.739,0.685,0.72,0.71,-3.521,-0.025,2987703.0,4151629
2020/08/16,0.681,0.72,0.69,0.71,0.681,4.258,0.029,2262412.8,3188206
2020/08/13,0.662,0.69,0.65,0.681,0.662,2.568,0.017,3231954.0,4746423
2020/08/12,0.661,0.679,0.645,0.662,0.661,-2.421,-0.016,617313.3,932736
2020/08/11,0.665,0.669,0.65,0.661,0.665,-0.602,-0.004,1065592.0,1611892
2020/08/10,0.647,0.678,0.64,0.665,0.647,2.009,0.013,1915770.2,2881980
2020/08/09,0.647,0.667,0.633,0.647,0.647,0.309,0.002,367653.5,568065
2020/08/06,0.64,0.657,0.636,0.647,0.64,-0.625,-0.004,630759.75,974687
2020/08/05,0.622,0.65,0.622,0.64,0.622,4.502,0.028,1836233.6,2867413
2020/08/04,0.598,0.63,0.605,0.622,0.598,5.184,0.031,713024.4,1147004
2020/07/29,0.583,0.605,0.585,0.598,0.583,2.916,0.017,524688.05,876868
2020/07/28,0.596,0.586,0.581,0.583,0.596,-2.013,-0.012,170876.55,292910
2020/07/27,0.591,0.615,0.58,0.596,0.591,-1.861,-0.011,494550.95,830403
2020/07/26,0.598,0.599,0.585,0.591,0.598,-1.338,-0.008,291682.525,493453
2020/07/22,0.591,0.61,0.578,0.598,0.591,-1.015,-0.006,605066.75,1011711
2020/07/21,0.585,0.605,0.576,0.591,0.585,0.684,0.004,377373.825,638726
2020/07/20,0.56,0.595,0.571,0.585,0.56,6.071,0.034,389303.575,665434
2020/07/19,0.569,0.603,0.545,0.56,0.569,-1.582,-0.009,505093.9,902076
2020/07/16,0.593,0.593,0.545,0.569,0.593,0.0,0.0,697442.45,1225167
2020/07/15,0.643,0.66,0.579,0.593,0.643,-9.02,-0.058,1295382.1,2184624
2020/07/14,0.654,0.652,0.623,0.643,0.654,-0.306,-0.002,1112818.5,1730685
2020/07/13,0.655,0.675,0.641,0.654,0.655,-2.137,-0.014,1115271.2,1706165
2020/07/12,0.63,0.673,0.63,0.655,0.63,4.127,0.026,897158.9,1369170
2020/07/09,0.676,0.66,0.615,0.63,0.676,-6.953,-0.047,921935.1,1462813
2020/07/08,0.682,0.69,0.65,0.676,0.682,-4.545,-0.031,1408379.0,2082559
2020/07/07,0.704,0.7,0.671,0.682,0.704,-4.687,-0.033,852921.2,1249712
2020/07/06,0.685,0.715,0.686,0.704,0.685,0.438,0.003,2466681.0,3506102
2020/07/05,0.665,0.699,0.667,0.685,0.665,3.008,0.02,2025131.6,2955302
2020/06/30,0.66,0.685,0.65,0.665,0.66,-0.455,-0.003,1408721.8,2118554
2020/06/29,0.667,0.68,0.654,0.66,0.667,-1.799,-0.012,876300.9,1328720
2020/06/28,0.653,0.685,0.652,0.667,0.653,0.459,0.003,1394915.1,2091664
2020/06/25,0.676,0.675,0.64,0.653,0.676,-4.734,-0.032,1287062.9,1970598
2020/06/24,0.661,0.692,0.661,0.676,0.661,0.605,0.004,2381194.0,3522923
2020/06/23,0.66,0.698,0.628,0.661,0.66,3.636,0.024,3918028.0,5926541
2020/06/22,0.658,0.684,0.631,0.66,0.658,-3.04,-0.02,1413293.2,2140186
2020/06/21,0.661,0.67,0.64,0.658,0.661,0.454,0.003,1433905.0,2179670
2020/06/18,0.67,0.67,0.653,0.661,0.67,-0.448,-0.003,885510.6,1339441
2020/06/17,0.687,0.686,0.66,0.67,0.687,-3.93,-0.027,1359406.9,2029925
2020/06/16,0.688,0.708,0.671,0.687,0.688,-1.308,-0.009,2435572.2,3542810
2020/06/15,0.713,0.7,0.675,0.688,0.713,-5.049,-0.036,2239565.0,3254739
2020/06/14,0.704,0.75,0.685,0.713,0.704,-1.847,-0.013,9669764.0,13560542
2020/06/11,0.72,0.732,0.672,0.704,0.72,-2.083,-0.015,2731335.2,3881436
2020/06/10,0.666,0.731,0.65,0.72,0.666,9.459,0.063,4881635.2,6777542
2020/06/09,0.649,0.699,0.65,0.666,0.649,0.308,0.002,2245025.6,3370520
2020/06/08,0.614,0.675,0.601,0.649,0.614,9.934999,0.061,5108486.0,7867034
2020/06/07,0.576,0.633,0.58,0.614,0.576,9.896,0.057,4489120.4,7316889
2020/06/04,0.552,0.586,0.545,0.576,0.552,5.072,0.028,2675182.8,4643993
2020/06/03,0.56,0.565,0.548,0.552,0.56,-2.143,-0.012,428980.25,777650
2020/06/02,0.553,0.576,0.551,0.56,0.553,-0.362,-0.002,614888.25,1098550
2020/06/01,0.518,0.569,0.52,0.553,0.518,9.846,0.051,2312750.4,4178814
2020/05/31,0.508,0.528,0.51,0.518,0.508,3.15,0.016,218551.125,422192
2020/05/21,0.506,0.52,0.501,0.508,0.506,0.593,0.003,230712.25,454329
2020/05/20,0.518,0.511,0.501,0.506,0.518,-1.544,-0.008,111775.85,220907
2020/05/19,0.506,0.53,0.511,0.518,0.506,0.988,0.005,262398.025,506318
2020/05/18,0.523,0.528,0.5,0.506,0.523,-3.442,-0.018,434463.0,859200
2020/05/17,0.525,0.54,0.515,0.523,0.525,-1.714,-0.009,129136.6125,246787
2020/05/14,0.536,0.54,0.515,0.525,0.536,-2.985,-0.016,496230.8,945336
2020/05/13,0.534,0.551,0.525,0.536,0.534,0.375,0.002,501134.35,935299
2020/05/12,0.507,0.55,0.511,0.534,0.507,7.89,0.04,1067365.8,1997010
2020/05/11,0.534,0.529,0.493,0.507,0.534,-0.936,-0.005,652958.3,1288949
2020/05/10,0.539,0.564,0.505,0.534,0.539,-6.308,-0.034,800128.9,1498097
2020/05/07,0.561,0.58,0.521,0.539,0.561,-6.952,-0.039,907290.2,1681997
2020/05/06,0.535,0.58,0.54,0.561,0.535,4.673,0.025,1255164.4,2236943
2020/05/05,0.52,0.559,0.526,0.535,0.52,2.692,0.014,660930.4,1235221
2020/05/04,0.563,0.565,0.507,0.52,0.563,-7.638,-0.043,1479723.2,2847293
2020/05/03,0.605,0.612,0.545,0.563,0.605,-6.612,-0.04,2176421.6,3866391
2020/04/30,0.601,0.639,0.568,0.605,0.601,2.829,0.017,3447648.0,5694561
2020/04/29,0.55,0.605,0.58,0.601,0.55,9.091001,0.05,4612815.2,7670061
2020/04/28,0.507,0.557,0.521,0.55,0.507,9.862,0.05,1704875.0,3098712
2020/04/27,0.477,0.524,0.485,0.507,0.477,9.853,0.047,3407994.8,6719311
2020/04/26,0.447,0.491,0.461,0.477,0.447,9.843,0.044,2016839.6,4231022
2020/04/23,0.41,0.451,0.42,0.447,0.41,10.0,0.041,2026222.4,4537715
2020/04/22,0.402,0.419,0.398,0.41,0.402,4.229,0.017,164580.425,401255
2020/04/21,0.412,0.41,0.394,0.402,0.412,-1.942,-0.008,183522.3875,456433
2020/04/16,0.419,0.42,0.407,0.412,0.419,0.239,0.001,125334.6375,304000
2020/04/15,0.421,0.434,0.409,0.419,0.421,-2.613,-0.011,264679.45,631314
2020/04/14,0.405,0.428,0.411,0.421,0.405,5.679,0.023,435924.95,1036231
2020/04/13,0.403,0.411,0.4,0.405,0.403,1.737,0.007,309029.025,763617
2020/04/12,0.402,0.408,0.389,0.403,0.402,1.493,0.006,338709.45,841239
2020/04/09,0.406,0.415,0.391,0.402,0.406,-3.448,-0.014,365529.275,910153
2020/04/08,0.404,0.42,0.4,0.406,0.404,-0.248,-0.001,482821.2,1190250
2020/04/07,0.384,0.417,0.391,0.404,0.384,8.594,0.033,591074.45,1461746
2020/04/06,0.371,0.396,0.378,0.384,0.371,6.739,0.025,299444.325,779501
2020/04/05,0.373,0.376,0.361,0.371,0.373,0.536,0.002,392874.025,1059585
2020/04/02,0.367,0.38,0.367,0.373,0.367,0.817,0.003,270605.45,725300
2020/04/01,0.378,0.374,0.362,0.367,0.378,-2.116,-0.008,246576.25,671065
2020/03/31,0.361,0.384,0.374,0.378,0.361,3.878,0.014,238214.25,630610
2020/03/30,0.367,0.371,0.351,0.361,0.367,-1.907,-0.007,205427.75,568676
2020/03/29,0.358,0.374,0.351,0.367,0.358,1.955,0.007,192246.2625,524108
2020/03/26,0.348,0.37,0.35,0.358,0.348,6.322,0.022,317256.575,885534
2020/03/25,0.331,0.36,0.322,0.348,0.331,5.74,0.019,464739.2,1334614
2020/03/24,0.332,0.344,0.315,0.331,0.332,-5.12,-0.017,275050.45,830534
2020/03/23,0.316,0.343,0.32,0.332,0.316,4.114,0.013,251929.425,757716
2020/03/22,0.312,0.33,0.308,0.316,0.312,0.0,0.0,303004.975,957745
2020/03/19,0.306,0.335,0.276,0.312,0.306,3.595,0.011,468823.95,1500668
2020/03/18,0.333,0.358,0.3,0.306,0.333,-9.91,-0.033,324377.5,1059469
2020/03/17,0.364,0.369,0.328,0.333,0.364,-9.89,-0.036,503447.4,1514075
2020/03/16,0.402,0.4,0.362,0.364,0.402,-9.95,-0.04,527064.0,1446903
2020/03/15,0.44,0.421,0.396,0.402,0.44,-10.0,-0.044,371803.25,923941
2020/03/11,0.423,0.46,0.43,0.44,0.423,1.891,0.008,351207.5,798172
2020/03/10,0.428,0.436,0.404,0.423,0.428,-0.467,-0.002,216146.625,511013
2020/03/09,0.467,0.449,0.421,0.428,0.467,-9.85,-0.046,847843.4,1983255
2020/03/08,0.5,0.475,0.458,0.467,0.5,-5.0,-0.025,220641.025,472171
2020/03/05,0.488,0.517,0.489,0.5,0.488,3.484,0.017,199653.325,399270
2020/03/04,0.49,0.5,0.475,0.488,0.49,1.837,0.009,348687.275,714799
2020/03/03,0.493,0.51,0.475,0.49,0.493,1.014,0.005,599774.5,1224938
2020/03/02,0.52,0.539,0.468,0.493,0.52,-4.808,-0.025,661833.5,1341328
2020/03/01,0.573,0.56,0.516,0.52,0.573,-9.948,-0.057,447062.4,859151
2020/02/27,0.581,0.597,0.57,0.573,0.581,-1.721,-0.01,181025.6,316001
2020/02/26,0.58,0.585,0.576,0.581,0.58,0.172,0.001,295945.5,509200
2020/02/25,0.588,0.597,0.55,0.58,0.588,-1.361,-0.008,255610.45,440502
2020/02/24,0.609,0.6,0.58,0.588,0.609,-3.612,-0.022,359526.225,611695
2020/02/23,0.605,0.611,0.602,0.609,0.605,0.496,0.003,245901.3,403532
2020/02/20,0.587,0.61,0.592,0.605,0.587,3.918,0.023,376773.7,623118
2020/02/19,0.59,0.597,0.582,0.587,0.59,-0.678,-0.004,144644.1875,246267
2020/02/18,0.609,0.609,0.577,0.59,0.609,-4.105,-0.025,355709.525,602528
2020/02/17,0.602,0.619,0.603,0.609,0.602,0.332,0.002,281511.7,462430
2020/02/16,0.612,0.619,0.601,0.602,0.612,-1.307,-0.008,316164.2,524810
2020/02/13,0.615,0.619,0.609,0.612,0.615,-0.976,-0.006,84626.275,138300
2020/02/12,0.614,0.62,0.61,0.615,0.614,-0.489,-0.003,134457.2375,218783
2020/02/11,0.612,0.618,0.61,0.614,0.612,0.49,0.003,250558.3,408350
2020/02/10,0.622,0.624,0.608,0.612,0.622,-0.643,-0.004,392996.65,642518
2020/02/09,0.624,0.63,0.62,0.622,0.624,-0.481,-0.003,159258.6875,255905
2020/02/06,0.621,0.63,0.619,0.624,0.621,-0.322,-0.002,68593.0,110000
2020/02/05,0.624,0.624,0.62,0.621,0.624,-0.641,-0.004,185366.35,298500
2020/02/04,0.626,0.637,0.62,0.624,0.626,0.639,0.004,373616.35,598561
2020/02/03,0.647,0.64,0.616,0.626,0.647,-4.791,-0.031,634425.8,1012959
2020/02/02,0.642,0.653,0.63,0.647,0.642,-0.779,-0.005,1089302.1,1683518
2020/01/30,0.623,0.65,0.62,0.642,0.623,3.531,0.022,1328480.6,2069801
2020/01/29,0.619,0.633,0.617,0.623,0.619,0.323,0.002,59659.05625,95703
2020/01/28,0.634,0.63,0.611,0.619,0.634,-2.681,-0.017,242869.275,392395
2020/01/27,0.62,0.647,0.617,0.634,0.62,-0.484,-0.003,914338.2,1441900
2020/01/26,0.622,0.622,0.617,0.62,0.622,-0.804,-0.005,109655.275,176950
2020/01/23,0.615,0.63,0.597,0.622,0.615,2.439,0.015,450661.2,724700
2020/01/22,0.602,0.62,0.606,0.615,0.602,0.664,0.004,32053.3875,52101
2020/01/21,0.613,0.618,0.599,0.602,0.613,-0.326,-0.002,210064.9,348700
2020/01/20,0.621,0.636,0.603,0.613,0.621,0.966,0.006,308329.575,503338
2020/01/19,0.63,0.63,0.618,0.621,0.63,-1.905,-0.012,239917.275,386516
2020/01/16,0.638,0.639,0.625,0.63,0.638,-0.784,-0.005,311393.825,494452
2020/01/15,0.649,0.659,0.63,0.638,0.649,-1.695,-0.011,278337.825,436486
2020/01/14,0.629,0.667,0.625,0.649,0.629,3.339,0.021,1073932.4,1654735
2020/01/13,0.633,0.64,0.621,0.629,0.633,-1.106,-0.007,377508.65,599708
2020/01/12,0.625,0.64,0.624,0.633,0.625,0.8,0.005,371568.5,587047
2020/01/09,0.593,0.635,0.615,0.625,0.593,4.047,0.024,500140.65,800689
2020/01/08,0.586,0.614,0.575,0.593,0.586,2.901,0.017,234637.275,395560
2020/01/06,0.616,0.615,0.561,0.586,0.616,-3.896,-0.024,378666.525,646525
2020/01/05,0.673,0.664,0.606,0.616,0.673,-9.955,-0.067,627888.5,1019801
2020/01/02,0.678,0.68,0.667,0.673,0.678,0.295,0.002,156948.375,233190
